id,parent_id,abstract,name,title,description,enabled,folder_name,metadata_specification
028e0395908a4e4512cdda472e2978a8,f7526b9ec3392244397b5278a68bd7e6,f,cnig_SUP_JS1_2013,cnig_SUP_JS1_2013,"idgest_JS1_ddd_yyyymmdd ",t,<IDGEST>_JS1_<MAILLAGE>_<YYYYMMDD>,"CNIG SUP v2013"
0bc03865234373d67fba05047cef4748,f7526b9ec3392244397b5278a68bd7e6,f,cnig_SUP_T5_2013,cnig_SUP_T5_2013,"idgest_T5_ddd_yyyymmdd ",t,<IDGEST>_T5_<MAILLAGE>_<YYYYMMDD>,"CNIG SUP v2013"
0c205df3ddf16921cd1e23cc454a77a2,f7526b9ec3392244397b5278a68bd7e6,f,cnig_SUP_AC2_2013,cnig_SUP_AC2_2013,"idgest_AC2_ddd_yyyymmdd ",t,<IDGEST>_AC2_<MAILLAGE>_<YYYYMMDD>,"CNIG SUP v2013"
106b0bd732b49c6e652c74632de6f8fd,f7526b9ec3392244397b5278a68bd7e6,f,cnig_SUP_AR6_2013,cnig_SUP_AR6_2013,"idgest_AR6_ddd_yyyymmdd ",t,<IDGEST>_AR6_<MAILLAGE>_<YYYYMMDD>,"CNIG SUP v2013"
163fab7c651631b7f4441afee9c00d22,f7526b9ec3392244397b5278a68bd7e6,f,cnig_SUP_PM1bis_2013,cnig_SUP_PM1bis_2013,"idgest_PM1bis_ddd_yyyymmdd ",t,<IDGEST>_PM1bis_<MAILLAGE>_<YYYYMMDD>,"CNIG SUP v2013"
1d2eb5e8eab9575cc2c35fe195c2135e,f7526b9ec3392244397b5278a68bd7e6,f,cnig_SUP_EL6_2013,cnig_SUP_EL6_2013,"idgest_EL6_ddd_yyyymmdd ",t,<IDGEST>_EL6_<MAILLAGE>_<YYYYMMDD>,"CNIG SUP v2013"
2246779acd20372ca7336f6c826b2ac9,f7526b9ec3392244397b5278a68bd7e6,f,cnig_SUP_AR4_2013,cnig_SUP_AR4_2013,"idgest_AR4_ddd_yyyymmdd ",t,<IDGEST>_AR4_<MAILLAGE>_<YYYYMMDD>,"CNIG SUP v2013"
22a6eff49031cbbcfa2e42dd113dad0f,f7526b9ec3392244397b5278a68bd7e6,f,cnig_SUP_I6_2013,cnig_SUP_I6_2013,"idgest_I6_ddd_yyyymmdd ",t,<IDGEST>_I6_<MAILLAGE>_<YYYYMMDD>,"CNIG SUP v2013"
22ab95518f87353c66df3eb16f0ad558,f7526b9ec3392244397b5278a68bd7e6,f,cnig_SUP_EL3_2013,cnig_SUP_EL3_2013,"idgest_EL3_ddd_yyyymmdd ",t,<IDGEST>_EL3_<MAILLAGE>_<YYYYMMDD>,"CNIG SUP v2013"
281564236e7995382db2d20882897866,f7526b9ec3392244397b5278a68bd7e6,f,cnig_SUP_T7_2013,cnig_SUP_T7_2013,"idgest_T7_ddd_yyyymmdd ",t,<IDGEST>_T7_<MAILLAGE>_<YYYYMMDD>,"CNIG SUP v2013"
29a976c20b8c6a712fa1847040958e28,f7526b9ec3392244397b5278a68bd7e6,f,cnig_SUP_PM2_2013,cnig_SUP_PM2_2013,"idgest_PM2_ddd_yyyymmdd ",t,<IDGEST>_PM2_<MAILLAGE>_<YYYYMMDD>,"CNIG SUP v2013"
2d5341e863c3c404e6ab4080a4e27f72,f7526b9ec3392244397b5278a68bd7e6,f,cnig_SUP_A3_2013,cnig_SUP_A3_2013,"idgest_A3_ddd_yyyymmdd ",t,<IDGEST>_A3_<MAILLAGE>_<YYYYMMDD>,"CNIG SUP v2013"
2df65e53c79ba0bc51896b742b529438,f7526b9ec3392244397b5278a68bd7e6,f,cnig_SUP_I7_2013,cnig_SUP_I7_2013,"idgest_I7_ddd_yyyymmdd ",t,<IDGEST>_I7_<MAILLAGE>_<YYYYMMDD>,"CNIG SUP v2013"
2ed3fb41fa8a47f192ba2711fd0071f6,f7526b9ec3392244397b5278a68bd7e6,f,cnig_SUP_A6_2013,cnig_SUP_A6_2013,"idgest_A6_ddd_yyyymmdd ",t,<IDGEST>_A6_<MAILLAGE>_<YYYYMMDD>,"CNIG SUP v2013"
2f3af2557216c7912d3d967c9b803c92,f7526b9ec3392244397b5278a68bd7e6,f,cnig_SUP_T3_2013,cnig_SUP_T3_2013,"idgest_T3_ddd_yyyymmdd ",t,<IDGEST>_T3_<MAILLAGE>_<YYYYMMDD>,"CNIG SUP v2013"
3b7b230aca4ef150ffc3f22b7f281acb,f7526b9ec3392244397b5278a68bd7e6,f,cnig_SUP_I1_2013,cnig_SUP_I1_2013,"idgest_I1_ddd_yyyymmdd ",t,<IDGEST>_I1_<MAILLAGE>_<YYYYMMDD>,"CNIG SUP v2013"
4329e35a04e87caa28f5614e6cf0409f,f7526b9ec3392244397b5278a68bd7e6,f,cnig_SUP_I3_2013,cnig_SUP_I3_2013,"idgest_I3_ddd_yyyymmdd ",t,<IDGEST>_I3_<MAILLAGE>_<YYYYMMDD>,"CNIG SUP v2013"
44d0899b8ab596d8792491899cbc938b,f7526b9ec3392244397b5278a68bd7e6,f,cnig_SUP_AR2_2013,cnig_SUP_AR2_2013,"idgest_AR2_ddd_yyyymmdd ",t,<IDGEST>_AR2_<MAILLAGE>_<YYYYMMDD>,"CNIG SUP v2013"
4c93b1c3a1a1411ae34ff7ee5008841f,f7526b9ec3392244397b5278a68bd7e6,f,cnig_SUP_A8_2013,cnig_SUP_A8_2013,"idgest_A8_ddd_yyyymmdd ",t,<IDGEST>_A8_<MAILLAGE>_<YYYYMMDD>,"CNIG SUP v2013"
503854cf299a4df4a79588154d1f4f99,f7526b9ec3392244397b5278a68bd7e6,f,cnig_SUP_EL2bis_2013,cnig_SUP_EL2bis_2013,"idgest_EL2bis_ddd_yyyymmdd ",t,<IDGEST>_EL2bis_<MAILLAGE>_<YYYYMMDD>,"CNIG SUP v2013"
58c20faa2c5b1c5a564aa7b6f1466a7f,f7526b9ec3392244397b5278a68bd7e6,f,cnig_SUP_A7_2013,cnig_SUP_A7_2013,"idgest_A7_ddd_yyyymmdd ",t,<IDGEST>_A7_<MAILLAGE>_<YYYYMMDD>,"CNIG SUP v2013"
665559e883510da468645d1baf9380f8,f7526b9ec3392244397b5278a68bd7e6,f,cnig_SUP_EL10_2013,cnig_SUP_EL10_2013,"idgest_EL10_ddd_yyyymmdd ",t,<IDGEST>_EL10_<MAILLAGE>_<YYYYMMDD>,"CNIG SUP v2013"
668a6f8fd4ba5dd465a9e7dd54e7649d,f7526b9ec3392244397b5278a68bd7e6,f,cnig_SUP_T4_2013,cnig_SUP_T4_2013,"idgest_T4_ddd_yyyymmdd ",t,<IDGEST>_T4_<MAILLAGE>_<YYYYMMDD>,"CNIG SUP v2013"
6a7ec759276cb39557a5fa78ed1ee8d7,f7526b9ec3392244397b5278a68bd7e6,f,cnig_SUP_EL8_2013,cnig_SUP_EL8_2013,"idgest_EL8_ddd_yyyymmdd ",t,<IDGEST>_EL8_<MAILLAGE>_<YYYYMMDD>,"CNIG SUP v2013"
6b1856f59db06c3f2bae51e94a29fc74,f7526b9ec3392244397b5278a68bd7e6,f,cnig_SUP_AR5_2013,cnig_SUP_AR5_2013,"idgest_AR5_ddd_yyyymmdd ",t,<IDGEST>_AR5_<MAILLAGE>_<YYYYMMDD>,"CNIG SUP v2013"
6ced85e6a7b22c034b61915ba110a289,f7526b9ec3392244397b5278a68bd7e6,f,cnig_SUP_AC4_2013,cnig_SUP_AC4_2013,"idgest_AC4_ddd_yyyymmdd ",t,<IDGEST>_AC4_<MAILLAGE>_<YYYYMMDD>,"CNIG SUP v2013"
70d8d42eeb7c2789d9d66b8b611874fe,f7526b9ec3392244397b5278a68bd7e6,f,cnig_SUP_T2_2013,cnig_SUP_T2_2013,"idgest_T2_ddd_yyyymmdd ",t,<IDGEST>_T2_<MAILLAGE>_<YYYYMMDD>,"CNIG SUP v2013"
7abad13a61e8ac0e30856742583df508,f7526b9ec3392244397b5278a68bd7e6,f,cnig_SUP_EL9_2013,cnig_SUP_EL9_2013,"idgest_EL9_ddd_yyyymmdd ",t,<IDGEST>_EL9_<MAILLAGE>_<YYYYMMDD>,"CNIG SUP v2013"
7b5fea14fbb73b4b53f4a3551c72a9ac,f7526b9ec3392244397b5278a68bd7e6,f,cnig_SUP_A4_2013,cnig_SUP_A4_2013,"idgest_A4_ddd_yyyymmdd ",t,<IDGEST>_A4_<MAILLAGE>_<YYYYMMDD>,"CNIG SUP v2013"
7bcf02040f0996b62be9666117f6be05,f7526b9ec3392244397b5278a68bd7e6,f,cnig_SUP_A9_2013,cnig_SUP_A9_2013,"idgest_A9_ddd_yyyymmdd ",t,<IDGEST>_A9_<MAILLAGE>_<YYYYMMDD>,"CNIG SUP v2013"
859defebe2fcef45c8638abbff01ed6b,f7526b9ec3392244397b5278a68bd7e6,f,cnig_SUP_PM5_2013,cnig_SUP_PM5_2013,"idgest_PM5_ddd_yyyymmdd ",t,<IDGEST>_PM5_<MAILLAGE>_<YYYYMMDD>,"CNIG SUP v2013"
8627b77ef1c3abade5dca814f64a30b7,f7526b9ec3392244397b5278a68bd7e6,f,cnig_SUP_PT1_2013,cnig_SUP_PT1_2013,"idgest_PT1_ddd_yyyymmdd ",t,<IDGEST>_PT1_<MAILLAGE>_<YYYYMMDD>,"CNIG SUP v2013"
8875eeaff4e4965d65bfcd34b84a7b42,f7526b9ec3392244397b5278a68bd7e6,f,cnig_SUP_PT2_2013,cnig_SUP_PT2_2013,"idgest_PT2_ddd_yyyymmdd ",t,<IDGEST>_PT2_<MAILLAGE>_<YYYYMMDD>,"CNIG SUP v2013"
8b724df1bfb7ee47fb8ab1cf0cbacf8d,f7526b9ec3392244397b5278a68bd7e6,f,cnig_SUP_PT3_2013,cnig_SUP_PT3_2013,"idgest_PT3_ddd_yyyymmdd ",t,<IDGEST>_PT3_<MAILLAGE>_<YYYYMMDD>,"CNIG SUP v2013"
8c765547286d86dc8ecb612e76106127,f7526b9ec3392244397b5278a68bd7e6,f,cnig_SUP_PT4_2013,cnig_SUP_PT4_2013,"idgest_PT4_ddd_yyyymmdd ",t,<IDGEST>_PT4_<MAILLAGE>_<YYYYMMDD>,"CNIG SUP v2013"
8d15aaa717a926035178e321b57cc1f2,f7526b9ec3392244397b5278a68bd7e6,f,cnig_SUP_EL7_2013,cnig_SUP_EL7_2013,"idgest_EL7_ddd_yyyymmdd ",t,<IDGEST>_EL7_<MAILLAGE>_<YYYYMMDD>,"CNIG SUP v2013"
8eb24440841201f14a6e44f15cf91aea,f7526b9ec3392244397b5278a68bd7e6,f,cnig_SUP_EL11_2013,cnig_SUP_EL11_2013,"idgest_EL11_ddd_yyyymmdd ",t,<IDGEST>_EL11_<MAILLAGE>_<YYYYMMDD>,"CNIG SUP v2013"
93bacdd71072b6a9432fea5f64c47b19,f7526b9ec3392244397b5278a68bd7e6,f,cnig_SUP_AS2_2013,cnig_SUP_AS2_2013,"idgest_AS2_ddd_yyyymmdd ",t,<IDGEST>_AS2_<MAILLAGE>_<YYYYMMDD>,"CNIG SUP v2013"
97a7ce1d8d58eaf02c3e661a08923f2d,f7526b9ec3392244397b5278a68bd7e6,f,cnig_SUP_T6_2013,cnig_SUP_T6_2013,"idgest_T6_ddd_yyyymmdd ",t,<IDGEST>_T6_<MAILLAGE>_<YYYYMMDD>,"CNIG SUP v2013"
9bbde5223af2e9d7477cb91b3de9ff9a,f7526b9ec3392244397b5278a68bd7e6,f,cnig_SUP_PM1_2013,cnig_SUP_PM1_2013,"idgest_PM1_ddd_yyyymmdd ",t,<IDGEST>_PM1_<MAILLAGE>_<YYYYMMDD>,"CNIG SUP v2013"
9f8d57b0daffc1ff6dfe89c34cad53dc,f7526b9ec3392244397b5278a68bd7e6,f,cnig_SUP_I2_2013,cnig_SUP_I2_2013,"idgest_I2_ddd_yyyymmdd ",t,<IDGEST>_I2_<MAILLAGE>_<YYYYMMDD>,"CNIG SUP v2013"
a4f6ffb26fd9d5db84ff3489408e1a0c,f7526b9ec3392244397b5278a68bd7e6,f,cnig_SUP_A5_2013,cnig_SUP_A5_2013,"idgest_A5_ddd_yyyymmdd ",t,<IDGEST>_A5_<MAILLAGE>_<YYYYMMDD>,"CNIG SUP v2013"
a543fe85c41136b426dd8e1ae7c58ec6,f7526b9ec3392244397b5278a68bd7e6,f,cnig_SUP_A1_2013,cnig_SUP_A1_2013,idgest_A1_ddd_yyyymmdd,t,<IDGEST>_A1_<MAILLAGE>_<YYYYMMDD>,"CNIG SUP v2013"
a581ed449b69b0bb49398f2c218d00a6,f7526b9ec3392244397b5278a68bd7e6,f,cnig_SUP_I8_2013,cnig_SUP_I8_2013,"idgest_I8_ddd_yyyymmdd ",t,<IDGEST>_I8_<MAILLAGE>_<YYYYMMDD>,"CNIG SUP v2013"
a6f5ba842e151219298bf5456dbb24d6,f7526b9ec3392244397b5278a68bd7e6,f,cnig_SUP_EL5_2013,cnig_SUP_EL5_2013,"idgest_EL5_ddd_yyyymmdd ",t,<IDGEST>_EL5_<MAILLAGE>_<YYYYMMDD>,"CNIG SUP v2013"
a760c383d30d91539312e2c99ceab15c,f7526b9ec3392244397b5278a68bd7e6,f,cnig_SUP_AC3_2013,cnig_SUP_AC3_2013,"idgest_AC3_ddd_yyyymmdd ",t,<IDGEST>_AC3_<MAILLAGE>_<YYYYMMDD>,"CNIG SUP v2013"
b051728d2aae83997f127a9ed540f211,f7526b9ec3392244397b5278a68bd7e6,f,cnig_SUP_INT1_2013,cnig_SUP_INT1_2013,"idgest_INT1_ddd_yyyymmdd ",t,<IDGEST>_INT1_<MAILLAGE>_<YYYYMMDD>,"CNIG SUP v2013"
b26fdb8c7cec6f442d3b06f7cf7fe33e,f7526b9ec3392244397b5278a68bd7e6,f,cnig_SUP_T8_2013,cnig_SUP_T8_2013,"idgest_T8_ddd_yyyymmdd ",t,<IDGEST>_T8_<MAILLAGE>_<YYYYMMDD>,"CNIG SUP v2013"
b47179a9b46721626eabcaebfdc78116,f7526b9ec3392244397b5278a68bd7e6,f,cnig_SUP_A2_2013,cnig_SUP_A2_2013,"idgest_A2_ddd_yyyymmdd ",t,<IDGEST>_A2_<MAILLAGE>_<YYYYMMDD>,"CNIG SUP v2013"
b4f440f9edde5f5a40bb2f7bae4a5adf,f7526b9ec3392244397b5278a68bd7e6,f,cnig_SUP_I5_2013,cnig_SUP_I5_2013,"idgest_I5_ddd_yyyymmdd ",t,<IDGEST>_I5_<MAILLAGE>_<YYYYMMDD>,"CNIG SUP v2013"
b50e9004642b9a565c9e7d832dc974a2,f7526b9ec3392244397b5278a68bd7e6,f,cnig_SUP_PM3_2013,cnig_SUP_PM3_2013,"idgest_PM3_ddd_yyyymmdd ",t,<IDGEST>_PM3_<MAILLAGE>_<YYYYMMDD>,"CNIG SUP v2013"
b543e34855ac26dab402c82df591073e,f7526b9ec3392244397b5278a68bd7e6,f,cnig_SUP_AR3_2013,cnig_SUP_AR3_2013,"idgest_AR3_ddd_yyyymmdd ",t,<IDGEST>_AR3_<MAILLAGE>_<YYYYMMDD>,"CNIG SUP v2013"
b9360879175654424b5057171226954f,f7526b9ec3392244397b5278a68bd7e6,f,cnig_SUP_AC1_2013,cnig_SUP_AC1_2013,"idgest_AC1_ddd_yyyymmdd ",t,<IDGEST>_AC1_<MAILLAGE>_<YYYYMMDD>,"CNIG SUP v2013"
bc612ef2bd2bb8b1e420fdc6d83de1d3,f7526b9ec3392244397b5278a68bd7e6,f,cnig_SUP_I4_2013,cnig_SUP_I4_2013,"idgest_I4_ddd_yyyymmdd ",t,<IDGEST>_I4_<MAILLAGE>_<YYYYMMDD>,"CNIG SUP v2013"
c602dd86525de9692d5ee781d6b47148,f7526b9ec3392244397b5278a68bd7e6,f,cnig_SUP_AR1_2013,cnig_SUP_AR1_2013,"idgest_AR1_ddd_yyyymmdd ",t,<IDGEST>_AR1_<MAILLAGE>_<YYYYMMDD>,"CNIG SUP v2013"
d9569f61207ade2a31827479f7e17758,f7526b9ec3392244397b5278a68bd7e6,f,cnig_SUP_EL12_2013,cnig_SUP_EL12_2013,"idgest_EL12_ddd_yyyymmdd ",t,<IDGEST>_EL12_<MAILLAGE>_<YYYYMMDD>,"CNIG SUP v2013"
e6c3f11c13d0aaf5edad924cd59042e7,f7526b9ec3392244397b5278a68bd7e6,f,cnig_SUP_EL4_2013,cnig_SUP_EL4_2013,"idgest_EL4_ddd_yyyymmdd ",t,<IDGEST>_EL4_<MAILLAGE>_<YYYYMMDD>,"CNIG SUP v2013"
e8e42106aabae921b4cac3610b09c188,f7526b9ec3392244397b5278a68bd7e6,f,cnig_SUP_I9_2013,cnig_SUP_I9_2013,"idgest_I9_ddd_yyyymmdd ",t,<IDGEST>_I9_<MAILLAGE>_<YYYYMMDD>,"CNIG SUP v2013"
e9fb0f3e027ac23046b9435e94a5048f,f7526b9ec3392244397b5278a68bd7e6,f,cnig_SUP_T1_2013,cnig_SUP_T1_2013,"idgest_T1_ddd_yyyymmdd ",t,<IDGEST>_T1_<MAILLAGE>_<YYYYMMDD>,"CNIG SUP v2013"
ea8f95d8e6ef9d108204b44a82b22de0,f7526b9ec3392244397b5278a68bd7e6,f,cnig_SUP_AS1_2013,cnig_SUP_AS1_2013,"idgest_AS1_ddd_yyyymmdd ",t,<IDGEST>_AS1_<MAILLAGE>_<YYYYMMDD>,"CNIG SUP v2013"
f90fbc1ffe6c5b81223dce3581ae9bc0,f7526b9ec3392244397b5278a68bd7e6,f,cnig_SUP_PM4_2013,cnig_SUP_PM4_2013,"idgest_PM4_ddd_yyyymmdd ",t,<IDGEST>_PM4_<MAILLAGE>_<YYYYMMDD>,"CNIG SUP v2013"
00b29b785a0b47b5ceb3de51ebdd6c97,ffcddc2f34028e3a966a0f6583963625,f,cnig_SUP_EL2bis_2016,cnig_SUP_EL2bis_2016,"idgest_EL2bis_ddd_yyyymmdd ",t,<IDGEST>_EL2bis_<MAILLAGE>_<YYYYMMDD>,"CNIG SUP v2016"
02f8285ac8ab83ab475f090416e6f425,ffcddc2f34028e3a966a0f6583963625,f,cnig_SUP_AC4_2016,cnig_SUP_AC4_2016,"idgest_AC4_ddd_yyyymmdd ",t,<IDGEST>_AC4_<MAILLAGE>_<YYYYMMDD>,"CNIG SUP v2016"
047e623390c31e28eb78d2372de2ee24,ffcddc2f34028e3a966a0f6583963625,f,cnig_SUP_T4_2016,cnig_SUP_T4_2016,"idgest_T4_ddd_yyyymmdd ",t,<IDGEST>_T4_<MAILLAGE>_<YYYYMMDD>,"CNIG SUP v2016"
0571f6d034ab65b7387f76c3e6b1253d,ffcddc2f34028e3a966a0f6583963625,f,cnig_SUP_A7_2016,cnig_SUP_A7_2016,"idgest_A7_ddd_yyyymmdd ",t,<IDGEST>_A7_<MAILLAGE>_<YYYYMMDD>,"CNIG SUP v2016"
05fdd6bdaae91cb96e499fa2982206db,ffcddc2f34028e3a966a0f6583963625,f,cnig_SUP_EL11_2016,cnig_SUP_EL11_2016,"idgest_EL11_ddd_yyyymmdd ",t,<IDGEST>_EL11_<MAILLAGE>_<YYYYMMDD>,"CNIG SUP v2016"
06274f4b7a05c233909ce4d9c713c8d1,ffcddc2f34028e3a966a0f6583963625,f,cnig_SUP_I10_2016,cnig_SUP_I10_2016,cnig_SUP_I10_2016,t,<IDGEST>_I10_<MAILLAGE>_<YYYYMMDD>,"CNIG SUP v2016"
097d73b1d639e627c21ce42dce80ccb1,ffcddc2f34028e3a966a0f6583963625,f,cnig_SUP_INT1_2016,cnig_SUP_INT1_2016,"idgest_INT1_ddd_yyyymmdd ",t,<IDGEST>_INT1_<MAILLAGE>_<YYYYMMDD>,"CNIG SUP v2016"
0ae7d87e91c2d885d404abc537daf9b3,ffcddc2f34028e3a966a0f6583963625,f,cnig_SUP_AR2_2016,cnig_SUP_AR2_2016,"idgest_AR2_ddd_yyyymmdd ",t,<IDGEST>_AR2_<MAILLAGE>_<YYYYMMDD>,"CNIG SUP v2016"
0b8a736c3fd2ee0068ec096282654e0a,ffcddc2f34028e3a966a0f6583963625,f,cnig_SUP_I9_2016,cnig_SUP_I9_2016,"idgest_I9_ddd_yyyymmdd ",t,<IDGEST>_I9_<MAILLAGE>_<YYYYMMDD>,"CNIG SUP v2016"
0c3d3e1abb3fa76066442cf3d76c71ce,ffcddc2f34028e3a966a0f6583963625,f,cnig_SUP_EL6_2016,cnig_SUP_EL6_2016,"idgest_EL6_ddd_yyyymmdd ",t,<IDGEST>_EL6_<MAILLAGE>_<YYYYMMDD>,"CNIG SUP v2016"
103c630ec09d5cc48d3931f341124e9f,ffcddc2f34028e3a966a0f6583963625,f,cnig_SUP_PM3_2016,cnig_SUP_PM3_2016,"idgest_PM3_ddd_yyyymmdd ",t,<IDGEST>_PM3_<MAILLAGE>_<YYYYMMDD>,"CNIG SUP v2016"
139504abb2ed128b8b0195139b6c76ca,ffcddc2f34028e3a966a0f6583963625,f,cnig_SUP_I1_2016,cnig_SUP_I1_2016,"idgest_I1_ddd_yyyymmdd ",t,<IDGEST>_I1_<MAILLAGE>_<YYYYMMDD>,"CNIG SUP v2016"
14d3f87abbd76e4cd437703bf47ece1d,ffcddc2f34028e3a966a0f6583963625,f,cnig_SUP_PM8_2016,cnig_SUP_PM8_2016,cnig_SUP_PM8_2016,t,<IDGEST>_PM8_<MAILLAGE>_<YYYYMMDD>,"CNIG SUP v2016"
15a3d9abe85a3062bc771db6762300e5,ffcddc2f34028e3a966a0f6583963625,f,cnig_SUP_I5_2016,cnig_SUP_I5_2016,"idgest_I5_ddd_yyyymmdd ",t,<IDGEST>_I5_<MAILLAGE>_<YYYYMMDD>,"CNIG SUP v2016"
215f101bf38833059abb3e09304f25c9,ffcddc2f34028e3a966a0f6583963625,f,cnig_SUP_EL5_2016,cnig_SUP_EL5_2016,"idgest_EL5_ddd_yyyymmdd ",t,<IDGEST>_EL5_<MAILLAGE>_<YYYYMMDD>,"CNIG SUP v2016"
2a27873a7f4cc54cfad3c26544f164af,ffcddc2f34028e3a966a0f6583963625,f,cnig_SUP_PM6_2016,cnig_SUP_PM6_2016,idgest_PM6_ddd_yyyymmdd,t,<IDGEST>_PM6_<MAILLAGE>_<YYYYMMDD>,"CNIG SUP v2016"
32d844fc04659b66ba044b7c8ed1ddd6,ffcddc2f34028e3a966a0f6583963625,f,cnig_SUP_JS1_2016,cnig_SUP_JS1_2016,"idgest_JS1_ddd_yyyymmdd ",t,<IDGEST>_JS1_<MAILLAGE>_<YYYYMMDD>,"CNIG SUP v2016"
3301d4a7b81030729655016d5b632adb,ffcddc2f34028e3a966a0f6583963625,f,cnig_SUP_EL10_2016,cnig_SUP_EL10_2016,"idgest_EL10_ddd_yyyymmdd ",t,<IDGEST>_EL10_<MAILLAGE>_<YYYYMMDD>,"CNIG SUP v2016"
3f7a54b0935d883c136c26210ea85dc5,ffcddc2f34028e3a966a0f6583963625,f,cnig_SUP_PT1_2016,cnig_SUP_PT1_2016,"idgest_PT1_ddd_yyyymmdd ",t,<IDGEST>_PT1_<MAILLAGE>_<YYYYMMDD>,"CNIG SUP v2016"
46071007477c5c11fa1a260c50acf527,ffcddc2f34028e3a966a0f6583963625,f,cnig_SUP_T6_2016,cnig_SUP_T6_2016,"idgest_T6_ddd_yyyymmdd ",t,<IDGEST>_T6_<MAILLAGE>_<YYYYMMDD>,"CNIG SUP v2016"
4c6fdd8185919a7f22819a3a51dfa439,ffcddc2f34028e3a966a0f6583963625,f,cnig_SUP_AR6_2016,cnig_SUP_AR6_2016,"idgest_AR6_ddd_yyyymmdd ",t,<IDGEST>_AR6_<MAILLAGE>_<YYYYMMDD>,"CNIG SUP v2016"
4dc8c0e4ba4f2d8a5d65f0ed4c48ceb6,ffcddc2f34028e3a966a0f6583963625,f,cnig_SUP_I3_2016,cnig_SUP_I3_2016,"idgest_I3_ddd_yyyymmdd ",t,<IDGEST>_I3_<MAILLAGE>_<YYYYMMDD>,"CNIG SUP v2016"
4e3ba97d483523621def70e607db9704,ffcddc2f34028e3a966a0f6583963625,f,cnig_SUP_EL8_2016,cnig_SUP_EL8_2016,"idgest_EL8_ddd_yyyymmdd ",t,<IDGEST>_EL8_<MAILLAGE>_<YYYYMMDD>,"CNIG SUP v2016"
4eaf8dbefb33efb25792b55b95e8b5f7,ffcddc2f34028e3a966a0f6583963625,f,cnig_SUP_PM1_2016,cnig_SUP_PM1_2016,"idgest_PM1_ddd_yyyymmdd ",t,<IDGEST>_PM1_<MAILLAGE>_<YYYYMMDD>,"CNIG SUP v2016"
50a4ec91ea0790891a203a99668360fc,ffcddc2f34028e3a966a0f6583963625,f,cnig_SUP_AS2_2016,cnig_SUP_AS2_2016,"idgest_AS2_ddd_yyyymmdd ",t,<IDGEST>_AS2_<MAILLAGE>_<YYYYMMDD>,"CNIG SUP v2016"
53db72d7e077d3c51f326a1d8ba8a56f,ffcddc2f34028e3a966a0f6583963625,f,cnig_SUP_EL9_2016,cnig_SUP_EL9_2016,"idgest_EL9_ddd_yyyymmdd ",t,<IDGEST>_EL9_<MAILLAGE>_<YYYYMMDD>,"CNIG SUP v2016"
5687595a41c4d8554f00f069928849f1,ffcddc2f34028e3a966a0f6583963625,f,cnig_SUP_EL3_2016,cnig_SUP_EL3_2016,idgest_EL3_ddd_yyyymmdd,t,<IDGEST>_EL3_<MAILLAGE>_<YYYYMMDD>,"CNIG SUP v2016"
580e098724b593513ba770810cdf4ffa,ffcddc2f34028e3a966a0f6583963625,f,cnig_SUP_AR4_2016,cnig_SUP_AR4_2016,"idgest_AR4_ddd_yyyymmdd ",t,<IDGEST>_AR4_<MAILLAGE>_<YYYYMMDD>,"CNIG SUP v2016"
5899e7a82122502ec2e57280af1f5962,ffcddc2f34028e3a966a0f6583963625,f,cnig_SUP_T8_2016,cnig_SUP_T8_2016,"idgest_T8_ddd_yyyymmdd ",t,<IDGEST>_T8_<MAILLAGE>_<YYYYMMDD>,"CNIG SUP v2016"
5b111d8da99f2f37062584a1c25dac9b,ffcddc2f34028e3a966a0f6583963625,f,cnig_SUP_AR5_2016,cnig_SUP_AR5_2016,"idgest_AR5_ddd_yyyymmdd ",t,<IDGEST>_AR5_<MAILLAGE>_<YYYYMMDD>,"CNIG SUP v2016"
5bd7a7411f2abd7a5cb6dfc94e303499,ffcddc2f34028e3a966a0f6583963625,f,cnig_SUP_T3_2016,cnig_SUP_T3_2016,"idgest_T3_ddd_yyyymmdd ",t,<IDGEST>_T3_<MAILLAGE>_<YYYYMMDD>,"CNIG SUP v2016"
5c17eab2272e97f4c57bc2d257d583f2,ffcddc2f34028e3a966a0f6583963625,f,cnig_SUP_A8_2016,cnig_SUP_A8_2016,"idgest_A8_ddd_yyyymmdd ",t,<IDGEST>_A8_<MAILLAGE>_<YYYYMMDD>,"CNIG SUP v2016"
5f10e8a55e6c6c355ae758f836694f08,ffcddc2f34028e3a966a0f6583963625,f,cnig_SUP_A4_2016,cnig_SUP_A4_2016,"idgest_A4_ddd_yyyymmdd ",t,<IDGEST>_A4_<MAILLAGE>_<YYYYMMDD>,"CNIG SUP v2016"
625ba057fb58ebe47bc4f522876b5063,ffcddc2f34028e3a966a0f6583963625,f,cnig_SUP_I2_2016,cnig_SUP_I2_2016,"idgest_I2_ddd_yyyymmdd ",t,<IDGEST>_I2_<MAILLAGE>_<YYYYMMDD>,"CNIG SUP v2016"
6332b24b3353c3b9626a1df5b2be50b9,ffcddc2f34028e3a966a0f6583963625,f,cnig_SUP_PM1bis_2016,cnig_SUP_PM1bis_2016,"idgest_PM1bis_ddd_yyyymmdd ",t,<IDGEST>_PM1bis_<MAILLAGE>_<YYYYMMDD>,"CNIG SUP v2016"
64b8cc8cf20d7556f43969b9cb1eaa26,ffcddc2f34028e3a966a0f6583963625,f,cnig_SUP_I6_2016,cnig_SUP_I6_2016,"idgest_I6_ddd_yyyymmdd ",t,<IDGEST>_I6_<MAILLAGE>_<YYYYMMDD>,"CNIG SUP v2016"
68193fc2a161f6974fea1be4e949f2d4,ffcddc2f34028e3a966a0f6583963625,f,cnig_SUP_AR1_2016,cnig_SUP_AR1_2016,"idgest_AR1_ddd_yyyymmdd ",t,<IDGEST>_AR1_<MAILLAGE>_<YYYYMMDD>,"CNIG SUP v2016"
6c68438d2f55178db0c9117636a2d1be,ffcddc2f34028e3a966a0f6583963625,f,cnig_SUP_PM7_2016,cnig_SUP_PM7_2016,cnig_SUP_PM7_2016,t,<IDGEST>_PM7_<MAILLAGE>_<YYYYMMDD>,"CNIG SUP v2016"
6ff336e2af9ca64f74639921120c5ae8,ffcddc2f34028e3a966a0f6583963625,f,cnig_SUP_PT3_2016,cnig_SUP_PT3_2016,"idgest_PT3_ddd_yyyymmdd ",t,<IDGEST>_PT3_<MAILLAGE>_<YYYYMMDD>,"CNIG SUP v2016"
72180d46c5433c7c20cf1b9c87faf56f,ffcddc2f34028e3a966a0f6583963625,f,cnig_SUP_EL4_2016,cnig_SUP_EL4_2016,"idgest_EL4_ddd_yyyymmdd ",t,<IDGEST>_EL4_<MAILLAGE>_<YYYYMMDD>,"CNIG SUP v2016"
785abc860ff1032ef09565ec48f533fc,ffcddc2f34028e3a966a0f6583963625,f,cnig_SUP_AC4bis_2016,cnig_SUP_AC4bis_2016,idgest_AC4bis_ddd_yyyymmdd,t,<IDGEST>_AC4bis_<MAILLAGE>_<YYYYMMDD>,"CNIG SUP v2016"
7e2aa227489d94377eb10353794028b7,ffcddc2f34028e3a966a0f6583963625,f,cnig_SUP_T2_2016,cnig_SUP_T2_2016,"idgest_T2_ddd_yyyymmdd ",t,<IDGEST>_T2_<MAILLAGE>_<YYYYMMDD>,"CNIG SUP v2016"
82678e7f99fca87f1ce2afa592ce6a4e,ffcddc2f34028e3a966a0f6583963625,f,cnig_SUP_A9_2016,cnig_SUP_A9_2016,"idgest_A9_ddd_yyyymmdd ",t,<IDGEST>_A9_<MAILLAGE>_<YYYYMMDD>,"CNIG SUP v2016"
84dfbbf36556604a1fe1e82614c5745f,ffcddc2f34028e3a966a0f6583963625,f,cnig_SUP_A3_2016,cnig_SUP_A3_2016,"idgest_A3_ddd_yyyymmdd ",t,<IDGEST>_A3_<MAILLAGE>_<YYYYMMDD>,"CNIG SUP v2016"
84e3a9167f63476f9a78d764dfd73a09,ffcddc2f34028e3a966a0f6583963625,f,cnig_SUP_AR3_2016,cnig_SUP_AR3_2016,"idgest_AR3_ddd_yyyymmdd ",t,<IDGEST>_AR3_<MAILLAGE>_<YYYYMMDD>,"CNIG SUP v2016"
97d420ac7515ebfd554da4685b588b41,ffcddc2f34028e3a966a0f6583963625,f,cnig_SUP_AC2_2016,cnig_SUP_AC2_2016,"idgest_AC2_ddd_yyyymmdd ",t,<IDGEST>_AC2_<MAILLAGE>_<YYYYMMDD>,"CNIG SUP v2016"
9bdba8799616832b2f623881ce006243,ffcddc2f34028e3a966a0f6583963625,f,cnig_SUP_AS1_2016,cnig_SUP_AS1_2016,"idgest_AS1_ddd_yyyymmdd ",t,<IDGEST>_AS1_<MAILLAGE>_<YYYYMMDD>,"CNIG SUP v2016"
a96fb88dc8c104db036af82893f67c2c,ffcddc2f34028e3a966a0f6583963625,f,cnig_SUP_A1_2016,cnig_SUP_A1_2016,idgest_A1_ddd_yyyymmdd,t,<IDGEST>_A1_<MAILLAGE>_<YYYYMMDD>,"CNIG SUP v2016"
ad4290fed6a6bf1a4deab91c29e2bfb0,ffcddc2f34028e3a966a0f6583963625,f,cnig_SUP_T9_2016,cnig_SUP_T9_2016,idgest_T9_ddd_yyyymmdd,t,<IDGEST>_T9_<MAILLAGE>_<YYYYMMDD>,"CNIG SUP v2016"
b1766cedddcd650be0e4ab7a474f3e74,ffcddc2f34028e3a966a0f6583963625,f,cnig_SUP_PM5_2016,cnig_SUP_PM5_2016,"idgest_PM5_ddd_yyyymmdd ",t,<IDGEST>_PM5_<MAILLAGE>_<YYYYMMDD>,"CNIG SUP v2016"
b427504670bfdc417647977abd8580e8,ffcddc2f34028e3a966a0f6583963625,f,cnig_SUP_AC1_2016,cnig_SUP_AC1_2016,"idgest_AC1_ddd_yyyymmdd ",t,<IDGEST>_AC1_<MAILLAGE>_<YYYYMMDD>,"CNIG SUP v2016"
b49158183ad616e5f6dd9b87dbc01c07,ffcddc2f34028e3a966a0f6583963625,f,cnig_SUP_AC3_2016,cnig_SUP_AC3_2016,"idgest_AC3_ddd_yyyymmdd ",t,<IDGEST>_AC3_<MAILLAGE>_<YYYYMMDD>,"CNIG SUP v2016"
b9d35a7b41ea019408fca168896b6194,ffcddc2f34028e3a966a0f6583963625,f,cnig_SUP_PM4_2016,cnig_SUP_PM4_2016,"idgest_PM4_ddd_yyyymmdd ",t,<IDGEST>_PM4_<MAILLAGE>_<YYYYMMDD>,"CNIG SUP v2016"
bafdb2d5887c67571610685315001547,ffcddc2f34028e3a966a0f6583963625,f,cnig_SUP_I7_2016,cnig_SUP_I7_2016,"idgest_I7_ddd_yyyymmdd ",t,<IDGEST>_I7_<MAILLAGE>_<YYYYMMDD>,"CNIG SUP v2016"
bdca94c64778dce5233427892c1a66f5,ffcddc2f34028e3a966a0f6583963625,f,cnig_SUP_A5_2016,cnig_SUP_A5_2016,"idgest_A5_ddd_yyyymmdd ",t,<IDGEST>_A5_<MAILLAGE>_<YYYYMMDD>,"CNIG SUP v2016"
be60747c7350f001fc59540d21b84faf,ffcddc2f34028e3a966a0f6583963625,f,cnig_SUP_A10_2016,cnig_SUP_A10_2016,idgest_A10_ddd_yyyymmdd,t,<IDGEST>_A10_<MAILLAGE>_<YYYYMMDD>,"CNIG SUP v2016"
bfbd5fe1959052103f752fea9df0b185,ffcddc2f34028e3a966a0f6583963625,f,cnig_SUP_EL7_2016,cnig_SUP_EL7_2016,"idgest_EL7_ddd_yyyymmdd ",t,<IDGEST>_EL7_<MAILLAGE>_<YYYYMMDD>,"CNIG SUP v2016"
c0f531f704eb007b7bf4ff3028a07f82,ffcddc2f34028e3a966a0f6583963625,f,cnig_SUP_PM2_2016,cnig_SUP_PM2_2016,"idgest_PM2_ddd_yyyymmdd ",t,<IDGEST>_PM2_<MAILLAGE>_<YYYYMMDD>,"CNIG SUP v2016"
c3688dd801a8a494855d4919023062fe,ffcddc2f34028e3a966a0f6583963625,f,cnig_SUP_T5_2016,cnig_SUP_T5_2016,"idgest_T5_ddd_yyyymmdd ",t,<IDGEST>_T5_<MAILLAGE>_<YYYYMMDD>,"CNIG SUP v2016"
d26d20a4cedbc11a41af411279850199,ffcddc2f34028e3a966a0f6583963625,f,cnig_SUP_I4_2016,cnig_SUP_I4_2016,"idgest_I4_ddd_yyyymmdd ",t,<IDGEST>_I4_<MAILLAGE>_<YYYYMMDD>,"CNIG SUP v2016"
d3193a921c1b125452c716875b053906,ffcddc2f34028e3a966a0f6583963625,f,cnig_SUP_T7_2016,cnig_SUP_T7_2016,"idgest_T7_ddd_yyyymmdd ",t,<IDGEST>_T7_<MAILLAGE>_<YYYYMMDD>,"CNIG SUP v2016"
d3eeddac60bb1dd2c72e559e6cac6583,ffcddc2f34028e3a966a0f6583963625,f,cnig_SUP_T1_2016,cnig_SUP_T1_2016,"idgest_T1_ddd_yyyymmdd ",t,<IDGEST>_T1_<MAILLAGE>_<YYYYMMDD>,"CNIG SUP v2016"
daa5b8660a6a7b55b8a378e49ee4b7ca,ffcddc2f34028e3a966a0f6583963625,f,cnig_SUP_PT2_2016,cnig_SUP_PT2_2016,"idgest_PT2_ddd_yyyymmdd ",t,<IDGEST>_PT2_<MAILLAGE>_<YYYYMMDD>,"CNIG SUP v2016"
e3a47b50ddef003239ff54ed29a84679,ffcddc2f34028e3a966a0f6583963625,f,cnig_SUP_A6_2016,cnig_SUP_A6_2016,"idgest_A6_ddd_yyyymmdd ",t,<IDGEST>_A6_<MAILLAGE>_<YYYYMMDD>,"CNIG SUP v2016"
edc59ebe4704453162a64771cda4596b,ffcddc2f34028e3a966a0f6583963625,f,cnig_SUP_A2_2016,cnig_SUP_A2_2016,"idgest_A2_ddd_yyyymmdd ",t,<IDGEST>_A2_<MAILLAGE>_<YYYYMMDD>,"CNIG SUP v2016"
00d49b46e58f4904b42d8dab5f40429c,,f,cnig_CC_2022,cnig_CC_2022,cnig_CC_2022,t,<MAILLAGE>_CC_<YYYYMMDD>(_<DOCUMENT_PART>)?,"CNIG CC v2022"
0848d5fe9ed44479476fb2c2fcbe89b0,,f,cnig_POS_2013,cnig_POS_2013,maillage_POS_datappro(_part),t,<MAILLAGE>_POS_<YYYYMMDD>(_<DOCUMENT_PART>)?,"CNIG POS v2013"
1b95722d3c2f3b568a448f4cc66fd80d,,f,cnig_SCoT_2021,cnig_SCoT_2021,cnig_SCoT_2021,t,<SIREN>_SCOT_<YYYYMMDD>(_<DOCUMENT_PART>)?,"CNIG SCoT v2021"
239b5fe0b432df6108d848ae84a3c5d3,,f,cnig_PSMV_2017,cnig_PSMV_2017,maillage_PSMV_datappro(_part),t,<MAILLAGE>_PSMV_<YYYYMMDD>(_<DOCUMENT_PART>)?,"CNIG PSMV v2017"
2519d80351d3bf9953751ae02421b862,,f,cnig_PLU_2022,cnig_PLU_2022,cnig_PLU_2022,t,<MAILLAGE>_PLU_<YYYYMMDD>(_<DOCUMENT_PART>)?,"CNIG PLU v2022"
34ac41b6d62e11e9bb652a2ae2dbcce4,,f,cnig_SCoT_2013,cnig_SCoT_2013,maillage_SCoT_datappro(_part),f,<SIREN>_SCOT,"CNIG SCoT v2013"
36cbd7c9fada298d408540b6cfa5d36d,,f,cnig_CC_2024,cnig_CC_2024,cnig_CC_2024,t,<MAILLAGE>_CC_<YYYYMMDD>(_<DOCUMENT_PART>)?,"CNIG CC v2024"
385a0aa2bea1dcc985f73b8c1ae906d7,,f,cnig_PLUi_2024,cnig_PLUi_2024,cnig_PLUi_2024,t,<MAILLAGE>_PLUi_<YYYYMMDD>(_<DOCUMENT_PART>)?,"CNIG PLUi v2024"
3935ffc17d3dabe0d77ea7d3c416695d,,f,cnig_PLU_2025,cnig_PLU_2025,cnig_PLU_2025,t,<MAILLAGE>_PLU_<YYYYMMDD>(_<DOCUMENT_PART>)?,"CNIG PLU v2025"
39c84789b97ac1944ff285abf3c1354c,,f,cnig_CC_2013,cnig_CC_2013,maillage_CC_datappro(_part),t,<MAILLAGE>_CC_<YYYYMMDD>(_<DOCUMENT_PART>)?,"CNIG CC v2013"
3ba473adab9ca7decfbf6c505c2ac8af,,f,cnig_PLU_2024,cnig_PLU_2024,cnig_PLU_2024,t,<MAILLAGE>_PLU_<YYYYMMDD>(_<DOCUMENT_PART>)?,"CNIG PLU v2024"
3fddb8c0a252db7712177e7e75802299,,f,cnig_SCoT_2024,cnig_SCoT_2024,cnig_SCoT_2024,t,<SIREN>_SCOT_<YYYYMMDD>(_<DOCUMENT_PART>)?,"CNIG SCoT v2024"
549d80d774bc11bbea9ad213210b9a3d,,f,cnig_CC_2017,cnig_CC_2017,maillage_CC_datappro(_part),t,<MAILLAGE>_CC_<YYYYMMDD>(_<DOCUMENT_PART>)?,"CNIG CC v2017"
55d03b797785ba6501364707bf8d8ec4,,f,cnig_PLUi_2017,cnig_PLUi_2017,maillage_PLUi_datappro(_part),t,<MAILLAGE>_PLUi_<YYYYMMDD>(_<DOCUMENT_PART>)?,"CNIG PLUi v2017"
5bdd8b50ab8a3337ac408a106afee415,,f,cnig_PSMV_2014,cnig_PSMV_2014,maillage_PSMV_datappro,t,<MAILLAGE>_PSMV_<YYYYMMDD>(_<DOCUMENT_PART>)?,"CNIG PSMV v2014"
5cfa0bc38b59d69ee7b185cfda007a6d,,f,cnig_PLU_2017,cnig_PLU_2017,maillage_PLU_datappro(_part),t,<MAILLAGE>_PLU_<YYYYMMDD>(_<DOCUMENT_PART>)?,"CNIG PLU v2017"
5e55f442d9c945176811f302bf1f90ca,,f,cnig_PSMV_2019,cnig_PSMV_2019,cnig_PSMV_2019,t,<MAILLAGE>_PSMV_<YYYYMMDD>(_<DOCUMENT_PART>)?,"CNIG PSMV v2019"
602d607c66d4bb2de7215e007031f894,,f,cnig_PLUi_2014,cnig_PLUi_2014,maillage_PLUi_datappro(_part),t,<MAILLAGE>_PLUi_<YYYYMMDD>(_<DOCUMENT_PART>)?,"CNIG PLUi v2014"
7090dba2b7965df890bc8d7a30d9b20f,,f,cnig_POS_2022,cnig_POS_2022,cnig_POS_2022,t,<MAILLAGE>_POS_<YYYYMMDD>(_<DOCUMENT_PART>)?,"CNIG POS v2022"
7508c61d71b18e09ea0b5dd29014feb3,,f,cnig_PLU_2013,cnig_PLU_2013,maillage_PLU_datappro(_part),t,<MAILLAGE>_PLU_<YYYYMMDD>(_<DOCUMENT_PART>)?,"CNIG PLU v2013"
80a24c6421eadf84d736965385635a83,,f,cnig_POS_2024,cnig_PLU_2024,cnig_POS_2024,t,<MAILLAGE>_POS_<YYYYMMDD>(_<DOCUMENT_PART>)?,"CNIG POS v2024"
92cf99dd815bf0cc3a26e70b9ef68c8c,,f,cnig_SCoT_2018,cnig_SCoT_2018,maillage_SCoT_datappro(_part),t,<SIREN>_SCOT_<YYYYMMDD>(_<DOCUMENT_PART>)?,"CNIG SCoT v2018"
a92b92f73d59917d050de93dbb4e74c7,,f,cnig_PLU_2014,cnig_PLU_2014,maillage_PLU_datappro(_part),t,<MAILLAGE>_PLU_<YYYYMMDD>(_<DOCUMENT_PART>)?,"CNIG PLU v2014"
a95f87edbaf1e2e69a6620f2d071b81b,,f,cnig_POS_2025,cnig_POS_2025,cnig_POS_2025,t,<MAILLAGE>_POS_<YYYYMMDD>(_<DOCUMENT_PART>)?,"CNIG POS v2025"
ad47c386d286586b0906739578a028ed,,f,cnig_POS_2022,cnig_PLU_2017,cnig_POS_2022,t,<MAILLAGE>_PLU_<YYYYMMDD>(_<DOCUMENT_PART>)?,"CNIG PLU v2017"
b4f09a52c081104203f01ec99856d766,,f,cnig_POS_2017,cnig_POS_2017,maillage_POS_datappro(_part),t,<MAILLAGE>_POS_<YYYYMMDD>(_<DOCUMENT_PART>)?,"CNIG POS v2017"
b5797dc899ea354cf5323667cffec332,,f,cnig_POS_2014,cnig_POS_2014,maillage_POS_datappro(_part),t,<MAILLAGE>_POS_<YYYYMMDD>(_<DOCUMENT_PART>)?,"CNIG POS v2014"
c34c44a06f5aee7bdd7dad9a50e9f01e,,f,cnig_CC_2014,cnig_CC_2014,maillage_CC_datappro(_part),t,<MAILLAGE>_CC_<YYYYMMDD>(_<DOCUMENT_PART>)?,"CNIG CC v2014"
cbe1976ffeaf76d6530a0d8a931bf43c,,f,cnig_PSMV_2022,cnig_PSMV_2022,cnig_PSMV_2022,t,<MAILLAGE>_PSMV_<YYYYMMDD>(_<DOCUMENT_PART>)?,"CNIG PSMV v2022"
cfbbf860fc024411c0df46e177114444,,f,cnig_PSMV_2025,cnig_PLU_2025,cnig_PSMV_2025,t,<MAILLAGE>_PLU_<YYYYMMDD>(_<DOCUMENT_PART>)?,"CNIG PLU v2025"
e8657bc76307b81202b63cc0cf014c35,,f,cnig_PLUi_2022,cnig_PLUi_2022,cnig_PLUi_2022,t,<MAILLAGE>_PLUi_<YYYYMMDD>(_<DOCUMENT_PART>)?,"CNIG PLUi v2022"
f7526b9ec3392244397b5278a68bd7e6,,t,cnig_SUP_XXX_2013,cnig_SUP_XXX_2013,cnig_SUP_XXX_2013,t,,"CNIG SUP v2013"
ffcddc2f34028e3a966a0f6583963625,,t,cnig_SUP_XXX_2016,cnig_SUP_XXX_2016,cnig_SUP_XXX_2016,t,,"CNIG SUP v2016"
