id,document_model_id,name,title,data,path
35e2edc78435a0ff99cbf4efed5017f0,00d49b46e58f4904b42d8dab5f40429c,ListeTyperefCC,ListeTyperefCC,./codes/ListeTyperefCC.csv,ListeTyperefCC.csv
5febfbcf4c8d5056912563c5cf3819b2,00d49b46e58f4904b42d8dab5f40429c,ListeLibelleCC,ListeLibelleCC,./codes/ListeLibelleCC.csv,ListeLibelleCC.csv
7011c03df6c73a5722f223b11c37522a,00d49b46e58f4904b42d8dab5f40429c,ListeEtatCC,ListeEtatCC,./codes/ListeEtatCC.csv,ListeEtatCC.csv
88d54e5e94508694fd573e490e52285e,00d49b46e58f4904b42d8dab5f40429c,ListeTypedocCC,ListeTypedocCC,./codes/ListeTypedocCC.csv,ListeTypedocCC.csv
a11ed48f95a4172ab3040c6c2d11b284,00d49b46e58f4904b42d8dab5f40429c,ListeTypesectCC,ListeTypesectCC,./codes/ListeTypesectCC.csv,ListeTypesectCC.csv
e05543a74c0f44631d63a8321939dc57,00d49b46e58f4904b42d8dab5f40429c,ListeStypepCC,ListeStypepCC,./codes/ListeStypepCC.csv,ListeStypepCC.csv
f2d10ac961ef780d878e93f4efacbdf6,00d49b46e58f4904b42d8dab5f40429c,ListeFermrecoCC,ListeFermrecoCC,./codes/ListeFermrecoCC.csv,ListeFermrecoCC.csv
f3abefd8608153743f6d37f7b1326e3a,00d49b46e58f4904b42d8dab5f40429c,InformationUrbaType,InformationUrbaType,./codes/InformationUrbaType.csv,InformationUrbaType2022.csv
fadde002cd2b2ca9de693e2b855c8a4c,00d49b46e58f4904b42d8dab5f40429c,ListeTypepCC,ListeTypepCC,./codes/ListeTypepCC.csv,ListeTypepCC.csv
47c425904b7eb36250177efb763e4e50,047e623390c31e28eb78d2372de2ee24,ListeHrefSUP,ListeHrefSUP,./codes/ListeHrefSUP.csv,ListeHrefSUP.csv
f8f36ce1da26dadb6143b8c76f1adc77,0ae7d87e91c2d885d404abc537daf9b3,ListeHrefSUP,ListeHrefSUP,./codes/ListeHrefSUP.csv,ListeHrefSUP.csv
bd789325f696b54d7a59987034f5592c,103c630ec09d5cc48d3931f341124e9f,ListeCodeAleaSUP,ListeCodeAleaSUP,./codes/ListeCodeAleaSUP.csv,ListeCodeAleaSUP_light.csv
067946f4eaae7682ee859506bd09a360,1b95722d3c2f3b568a448f4cc66fd80d,ListeTypedocSCoT,ListeTypedocSCoT,./codes/ListeTypedocSCoT.csv,ListeTypedocSCoT.csv
9cc5e23a08c3c08114b68ba1f065702f,1b95722d3c2f3b568a448f4cc66fd80d,ListeTypeprocSCoT,ListeTypeprocSCoT,./codes/ListeTypeprocSCoT.csv,ListeTypeprocSCoT.csv
cd9b5b5d405ce1ecd8838d47bb15d186,1b95722d3c2f3b568a448f4cc66fd80d,ListeEtatSCoT,ListeEtatSCoT,./codes/ListeEtatSCoT.csv,ListeEtatSCoT.csv
28daaa45c04ff83e28c299d73b97df86,2519d80351d3bf9953751ae02421b862,ListeTypedocPLU,ListeTypedocPLU,./codes/ListeTypedocPLU.csv,ListeTypedocPLU.csv
3d79189450a3611c21a8b473733c5e21,2519d80351d3bf9953751ae02421b862,PrescriptionUrbaType,PrescriptionUrbaType,./codes/PrescriptionUrbaType.csv,PrescriptionUrbaType2022.csv
98594b1507c59352b4cf5a9b2aee20c6,2519d80351d3bf9953751ae02421b862,ListeTyperefPLU,ListeTyperefPLU,./codes/ListeTyperefPLU.csv,ListeTyperefPLU.csv
b66a6671b35de9b6184bb144e52ffc6b,2519d80351d3bf9953751ae02421b862,InformationUrbaType,InformationUrbaType,./codes/InformationUrbaType.csv,InformationUrbaType2022.csv
c0ac6dfae36ca23fc00aef3bdf5a646d,2519d80351d3bf9953751ae02421b862,ListeEtatPLU,ListeEtatPLU,./codes/ListeEtatPLU.csv,ListeEtatPLU.csv
d07bd993b3f23412cad56cfb411a282a,2519d80351d3bf9953751ae02421b862,ListeTypezonePLU,ListeTypezonePLU,./codes/ListeTypezonePLU.csv,ListeTypezonePLU.csv
1d5750cbcc824903f88e1282c57e902d,36cbd7c9fada298d408540b6cfa5d36d,ListeLibelleCC,ListeLibelleCC,./codes/ListeLibelleCC.csv,ListeLibelleCC.csv
1fe1ddbd99ac2c89f4b84e3755fec7b9,36cbd7c9fada298d408540b6cfa5d36d,ListeTypedocCC,ListeTypedocCC,./codes/ListeTypedocCC.csv,ListeTypedocCC.csv
34448a766d4a32634bb55a2661dccee1,36cbd7c9fada298d408540b6cfa5d36d,ListeTypepCC,ListeTypepCC,./codes/ListeTypepCC.csv,ListeTypepCC.csv
46c8728572e667f8009bea246c4ed4ff,36cbd7c9fada298d408540b6cfa5d36d,ListeTyperefCC,ListeTyperefCC,./codes/ListeTyperefCC.csv,ListeTyperefCC.csv
6d8b43dcfba2ac4414576f1ed77d608d,36cbd7c9fada298d408540b6cfa5d36d,InformationUrbaType,InformationUrbaType,./codes/InformationUrbaType.csv,InformationUrbaType2022.csv
70a3bc771cc0688845216b1e82edde7c,36cbd7c9fada298d408540b6cfa5d36d,ListeEtatCC,ListeEtatCC,./codes/ListeEtatCC.csv,ListeEtatCC.csv
735f6c58d3d22dbb700ec87c62b391f7,36cbd7c9fada298d408540b6cfa5d36d,ListeStypepCC,ListeStypepCC,./codes/ListeStypepCC.csv,ListeStypepCC.csv
b0230d7a2f706f10505821a68749cc84,36cbd7c9fada298d408540b6cfa5d36d,ListeTypesectCC,ListeTypesectCC,./codes/ListeTypesectCC.csv,ListeTypesectCC.csv
b4ef5ff287b0b87b2bc8edf78b6ef5a8,36cbd7c9fada298d408540b6cfa5d36d,ListeFermrecoCC,ListeFermrecoCC,./codes/ListeFermrecoCC.csv,ListeFermrecoCC.csv
25a101d7097f901b88d0ae9fc1f84a56,385a0aa2bea1dcc985f73b8c1ae906d7,ListeEtatPLU,ListeEtatPLU,./codes/ListeEtatPLU.csv,ListeEtatPLU.csv
4cb0e55897d3d51474f474e3774e93e6,385a0aa2bea1dcc985f73b8c1ae906d7,ListeTypedocPLU,ListeTypedocPLU,./codes/ListeTypedocPLU.csv,ListeTypedocPLUi.csv
550a6aba8e3892a7368f21d3eaca387f,385a0aa2bea1dcc985f73b8c1ae906d7,PrescriptionUrbaType,PrescriptionUrbaType,./codes/PrescriptionUrbaType.csv,PrescriptionUrbaType2024.csv
9e9bb285fe28eea656d91ff70b936151,385a0aa2bea1dcc985f73b8c1ae906d7,ListeTypezonePLU,ListeTypezonePLU,./codes/ListeTypezonePLU.csv,ListeTypezonePLU.csv
bea12fe81eb14ff01f8e9658413febbc,385a0aa2bea1dcc985f73b8c1ae906d7,InformationUrbaType,InformationUrbaType,./codes/InformationUrbaType.csv,InformationUrbaType2022.csv
e3d52a392743ad891b38966741919201,385a0aa2bea1dcc985f73b8c1ae906d7,ListeTyperefPLU,ListeTyperefPLU,./codes/ListeTyperefPLU.csv,ListeTyperefPLU.csv
023592188a2b11f0e88362966107deef,3935ffc17d3dabe0d77ea7d3c416695d,PrescriptionLUrbaType,PrescriptionLUrbaType,./codes/PrescriptionLUrbaType.csv,PrescriptionLUrbaType2025.csv
023592198a2b11f0c04b67d6d68ed9d0,3935ffc17d3dabe0d77ea7d3c416695d,ListeEtatPLU,ListeEtatPLU,./codes/ListeEtatPLU.csv,ListeEtatPLU.csv
0235921a8a2b11f02862ab3a2894ba14,3935ffc17d3dabe0d77ea7d3c416695d,InformationUrbaType,InformationUrbaType,./codes/InformationUrbaType.csv,InformationUrbaType2022.csv
886bf3376d6146d79f47920623bd0637,3935ffc17d3dabe0d77ea7d3c416695d,PrescriptionPUrbaType,PrescriptionPUrbaType,./codes/PrescriptionPUrbaType.csv,PrescriptionPUrbaType2025.csv
96ab7a4f72024a18ae45a9c65af0ea30,3935ffc17d3dabe0d77ea7d3c416695d,ListeTyperefPLU,ListeTyperefPLU,./codes/ListeTyperefPLU.csv,ListeTyperefPLU.csv
d12e8b1ad4a042b0952f7dbbd18158bf,3935ffc17d3dabe0d77ea7d3c416695d,PrescriptionSUrbaType,PrescriptionSUrbaType,./codes/PrescriptionSUrbaType.csv,PrescriptionSUrbaType2025.csv
f1d2de83cfd28e29b10ee88db42bcd36,3935ffc17d3dabe0d77ea7d3c416695d,ListeTypedocPLU,ListeTypedocPLU,./codes/ListeTypedocPLU.csv,ListeTypedocPLU.csv
f418be5007f885b68947c6f796b89161,3935ffc17d3dabe0d77ea7d3c416695d,ListeTypezonePLU,ListeTypezonePLU,./codes/ListeTypezonePLU.csv,ListeTypezonePLU.csv
098956a37ed4efb0a035a231bde55602,3fddb8c0a252db7712177e7e75802299,ListeTypedocSCoT,ListeTypedocSCoT,./codes/ListeTypedocSCoT.csv,ListeTypedocSCoT.csv
c0f466c8cf4a9a41e1782b217c710360,3fddb8c0a252db7712177e7e75802299,ListeEtatSCoT,ListeEtatSCoT,./codes/ListeEtatSCoT.csv,ListeEtatSCoT.csv
2e260095fd78aff11d335ece2122cfba,4c6fdd8185919a7f22819a3a51dfa439,ListeHrefSUP,ListeHrefSUP,./codes/ListeHrefSUP.csv,ListeHrefSUP.csv
44f1b8e8c0dd9ad89aebf13b4e7c4b81,4e3ba97d483523621def70e607db9704,ListeHrefSUP,ListeHrefSUP,./codes/ListeHrefSUP.csv,ListeHrefSUP.csv
3d57e562a294984173fa3366be9a451b,4eaf8dbefb33efb25792b55b95e8b5f7,ListeCodeAleaSUP,ListeCodeAleaSUP,./codes/ListeCodeAleaSUP.csv,ListeCodeAleaSUP.csv
023592168a2b11f02b8d04f535022af5,53b452eb31e4cd62ede3ce4a4aecd2e7,ListeTypezonePLU,ListeTypezonePLU,./codes/ListeTypezonePLU.csv,ListeTypezonePLU.csv
023592178a2b11f0dfe0b2f97a9b7059,53b452eb31e4cd62ede3ce4a4aecd2e7,ListeTypedocPLU,ListeTypedocPLU,./codes/ListeTypedocPLU.csv,ListeTypedocPLU.csv
6574c6437bb744ad93425557814a2af2,53b452eb31e4cd62ede3ce4a4aecd2e7,PrescriptionLUrbaType,PrescriptionLUrbaType,./codes/PrescriptionLUrbaType.csv,PrescriptionLUrbaType2025.csv
843f8eeb47b84700bbfe9cbc3711606b,53b452eb31e4cd62ede3ce4a4aecd2e7,ListeEtatPLU,ListeEtatPLU,./codes/ListeEtatPLU.csv,ListeEtatPLU.csv
c54752f430e6451fa12ced1d7a469330,53b452eb31e4cd62ede3ce4a4aecd2e7,InformationUrbaType,InformationUrbaType,./codes/InformationUrbaType.csv,InformationUrbaType2022.csv
c601717148e14f7910faebc0530d666a,53b452eb31e4cd62ede3ce4a4aecd2e7,PrescriptionPUrbaType,PrescriptionPUrbaType,./codes/PrescriptionPUrbaType.csv,PrescriptionPUrbaType2025.csv
c60c747f351e60b103ed920adab9a145,53b452eb31e4cd62ede3ce4a4aecd2e7,ListeTyperefPLU,ListeTyperefPLU,./codes/ListeTyperefPLU.csv,ListeTyperefPLU.csv
cc9b383f7f60be4201e5e61382fb3351,53b452eb31e4cd62ede3ce4a4aecd2e7,PrescriptionSUrbaType,PrescriptionSUrbaType,./codes/PrescriptionSUrbaType.csv,PrescriptionSUrbaType2025.csv
043bcc06a3ebb42382404f9d1d0523c4,549d80d774bc11bbea9ad213210b9a3d,ListeStypepCC,ListeStypepCC,./codes/ListeStypepCC.csv,ListeStypepCC.csv
05289e53497dc8393ef80c9ba1cb202b,549d80d774bc11bbea9ad213210b9a3d,InformationUrbaType,InformationUrbaType,./codes/InformationUrbaType.csv,InformationUrbaType2017.csv
56804ceb0fc2f508688c5305d4339e42,549d80d774bc11bbea9ad213210b9a3d,ListeTypepCC,ListeTypepCC,./codes/ListeTypepCC.csv,ListeTypepCC.csv
ab60c2389064c803ed1ff55fa2d9424e,549d80d774bc11bbea9ad213210b9a3d,ListeLibelleCC,ListeLibelleCC,./codes/ListeLibelleCC.csv,ListeLibelleCC.csv
ca664b0d8ef557219cac4e4b9e0b2a42,549d80d774bc11bbea9ad213210b9a3d,ListeTypedocCC,ListeTypedocCC,./codes/ListeTypedocCC.csv,ListeTypedocCC.csv
cc68cea9ad1f82232436bc1f8ec2775e,549d80d774bc11bbea9ad213210b9a3d,ListeTyperefCC,ListeTyperefCC,./codes/ListeTyperefCC.csv,ListeTyperefCC.csv
df7f27393fc83a1412997ce530689e25,549d80d774bc11bbea9ad213210b9a3d,ListeFermrecoCC,ListeFermrecoCC,./codes/ListeFermrecoCC.csv,ListeFermrecoCC.csv
e1ca8d9133a83ca76206ebfdcce4b8ac,549d80d774bc11bbea9ad213210b9a3d,ListeTypesectCC,ListeTypesectCC,./codes/ListeTypesectCC.csv,ListeTypesectCC.csv
e2056690a4aed3c62273e0eef8995802,549d80d774bc11bbea9ad213210b9a3d,ListeEtatCC,ListeEtatCC,./codes/ListeEtatCC.csv,ListeEtatPLU.csv
01f38a0b5bab0805a76e6c32621c3bcf,55d03b797785ba6501364707bf8d8ec4,ListeTypezonePLUi,ListeTypezonePLUi,./codes/ListeTypezonePLUi.csv,ListeTypezonePLU.csv
4b26536f095974b6dd19845fa013fdc0,55d03b797785ba6501364707bf8d8ec4,ListeEtatPLUi,ListeEtatPLUi,./codes/ListeEtatPLUi.csv,ListeEtatPLU.csv
7b7cf50749cb59afa653bdf897ad6c59,55d03b797785ba6501364707bf8d8ec4,InformationUrbaType,InformationUrbaType,./codes/InformationUrbaType.csv,InformationUrbaType2017.csv
7d505e153e6bcf4ffa091ad49b02cb1e,55d03b797785ba6501364707bf8d8ec4,PrescriptionUrbaType,PrescriptionUrbaType,./codes/PrescriptionUrbaType.csv,PrescriptionUrbaType2017.csv
bf2f55b528f5fe1d8c837c641249d2e7,55d03b797785ba6501364707bf8d8ec4,ListeTypedocPLUi,ListeTypedocPLUi,./codes/ListeTypedocPLUi.csv,ListeTypedocPLUi.csv
cf69005f6e75238fda060fad8720d27f,55d03b797785ba6501364707bf8d8ec4,ListeTyperefPLUi,ListeTyperefPLUi,./codes/ListeTyperefPLUi.csv,ListeTyperefCC.csv
a8395d4adbc4bf3eca3bb9d20808fa57,580e098724b593513ba770810cdf4ffa,ListeHrefSUP,ListeHrefSUP,./codes/ListeHrefSUP.csv,ListeHrefSUP.csv
09fdda8b297017b3c7deec043913432f,5899e7a82122502ec2e57280af1f5962,ListeHrefSUP,ListeHrefSUP,./codes/ListeHrefSUP.csv,ListeHrefSUP.csv
15b2be9ddc8af5610567474dc25bc62a,5cfa0bc38b59d69ee7b185cfda007a6d,ListeTypedocPLU,ListeTypedocPLU,./codes/ListeTypedocPLU.csv,ListeTypedocPLU.csv
20ec96600cbf750d178399ee8a09ed78,5cfa0bc38b59d69ee7b185cfda007a6d,InformationUrbaType,InformationUrbaType,./codes/InformationUrbaType.csv,InformationUrbaType2017.csv
20ec96600cbf750d178399ee8a09ef89,5cfa0bc38b59d69ee7b185cfda007a6d,PrescriptionUrbaType,PrescriptionUrbaType,./codes/PrescriptionUrbaType.csv,PrescriptionUrbaType2017.csv
27a86f7cc10050f65e4135669b8cede5,5cfa0bc38b59d69ee7b185cfda007a6d,ListeTypezonePLU,ListeTypezonePLU,./codes/ListeTypezonePLU.csv,ListeTypezonePLU.csv
c1cc6187d046cb2feb4957fa71834ba9,5cfa0bc38b59d69ee7b185cfda007a6d,ListeEtatPLU,ListeEtatPLU,./codes/ListeEtatPLU.csv,ListeEtatPLU.csv
ce9bc7ad35ab6bfa61affd6b54beb980,5cfa0bc38b59d69ee7b185cfda007a6d,ListeTyperefPLU,ListeTyperefPLU,./codes/ListeTyperefPLU.csv,ListeTyperefCC.csv
0ed85546ff8082aead076a0744d7ac7d,5e55f442d9c945176811f302bf1f90ca,ListeTypezonePSMV,ListeTypezonePSMV,./codes/ListeTypezonePSMV.csv,ListeTypezonePLU.csv
5ec22d669d8455f341030f4c400b8434,5e55f442d9c945176811f302bf1f90ca,ListeEtatPSMV,ListeEtatPSMV,./codes/ListeEtatPSMV.csv,ListeEtatPLU.csv
5f35c6ee03c903dae624f8a66ae05f57,5e55f442d9c945176811f302bf1f90ca,InformationPSMVType,InformationPSMVType,./codes/InformationPSMVType.csv,InformationPSMVType2019.csv
6fae976a6597a2d44ebaae0bba534014,5e55f442d9c945176811f302bf1f90ca,ListeTyperefPSMV,ListeTyperefPSMV,./codes/ListeTyperefPSMV.csv,ListeTyperefCC.csv
a97a4c523053215a75f8cb30a88e61d7,5e55f442d9c945176811f302bf1f90ca,ListeTypedocPSMV,ListeTypedocPSMV,./codes/ListeTypedocPSMV.csv,ListeTypedocPSMV.csv
acd7aed4893834f884b23703a13640ce,5e55f442d9c945176811f302bf1f90ca,PrescriptionPSMVType,PrescriptionPSMVType,./codes/PrescriptionPSMVType.csv,PrescriptionPSMVType2019.csv
63f2954a203f6ea34348e521c8959119,68193fc2a161f6974fea1be4e949f2d4,ListeHrefSUP,ListeHrefSUP,./codes/ListeHrefSUP.csv,ListeHrefSUP.csv
19343a936ecc71c8ef602c49d5b4ea09,7090dba2b7965df890bc8d7a30d9b20f,PrescriptionUrbaType,PrescriptionUrbaType,./codes/PrescriptionUrbaType.csv,PrescriptionUrbaType2022.csv
3c3c4f4385028fba665a8a213c689287,7090dba2b7965df890bc8d7a30d9b20f,ListeTypedocPLU,ListeTypedocPLU,./codes/ListeTypedocPLU.csv,ListeTypedocPLU.csv
851405f791ec2ec736cc7748c208a569,7090dba2b7965df890bc8d7a30d9b20f,ListeEtatPLU,ListeEtatPLU,./codes/ListeEtatPLU.csv,ListeEtatPLU.csv
a4430a5014f0df7c693d415634a415c5,7090dba2b7965df890bc8d7a30d9b20f,ListeTypezonePLU,ListeTypezonePLU,./codes/ListeTypezonePLU.csv,ListeTypezonePLU.csv
a888a9374cc996f69b79b811bcfa9822,7090dba2b7965df890bc8d7a30d9b20f,ListeTyperefPLU,ListeTyperefPLU,./codes/ListeTyperefPLU.csv,ListeTyperefPLU.csv
ce13088d3197cb1fb1a4edb745309bc2,7090dba2b7965df890bc8d7a30d9b20f,InformationUrbaType,InformationUrbaType,./codes/InformationUrbaType.csv,InformationUrbaType2022.csv
c17dd4015ce82cd3a9cc87f9211e950c,72180d46c5433c7c20cf1b9c87faf56f,ListeHrefSUP,ListeHrefSUP,./codes/ListeHrefSUP.csv,ListeHrefSUP.csv
1431259f67ec1998eecda2725603543b,77919c928a486c24b18910d176f78fd4,ListeTypepCC,ListeTypepCC,./codes/ListeTypepCC.csv,ListeTypepCC.csv
1f0c04b67d6d68ed9d0023592198a2b1,77919c928a486c24b18910d176f78fd4,ListeEtatCC,ListeEtatCC,./codes/ListeEtatCC.csv,ListeEtatCC.csv
2b11f02862ab3a2894ba140235921a8a,77919c928a486c24b18910d176f78fd4,InformationUrbaType,InformationUrbaType,./codes/InformationUrbaType.csv,InformationUrbaType2022.csv
4657210d0f92c528645ae4fd446263c6,77919c928a486c24b18910d176f78fd4,ListeLibelleCC,ListeLibelleCC,./codes/ListeLibelleCC.csv,ListeLibelleCC.csv
4a1c65af0ea3096ab7a4f8ae45a97202,77919c928a486c24b18910d176f78fd4,ListeTyperefCC,ListeTyperefCC,./codes/ListeTyperefCC.csv,ListeTyperefCC.csv
7079db619c495a538c213fd4328adf5c,77919c928a486c24b18910d176f78fd4,ListeTypesectCC,ListeTypesectCC,./codes/ListeTypesectCC.csv,ListeTypesectCC.csv
a51a3656abd85d6abea89f91c805f4df,77919c928a486c24b18910d176f78fd4,ListeFermrecoCC,ListeFermrecoCC,./codes/ListeFermrecoCC.csv,ListeFermrecoCC.csv
b10e42bcd36f1d2de83e88dbcfd28e29,77919c928a486c24b18910d176f78fd4,ListeTypedocCC,ListeTypedocCC,./codes/ListeTypedocCC.csv,ListeTypedocCC.csv
d615a5743f4526daea9014a9d94aafb3,77919c928a486c24b18910d176f78fd4,ListeStypepCC,ListeStypepCC,./codes/ListeStypepCC.csv,ListeStypepCC.csv
00bb01157911a9f36285054094c6d24a,7e2aa227489d94377eb10353794028b7,ListeHrefSUP,ListeHrefSUP,./codes/ListeHrefSUP.csv,ListeHrefSUP.csv
389e5aa8c94b792800e6ce8239dd0e07,80a24c6421eadf84d736965385635a83,ListeTypedocPLU,ListeTypedocPLU,./codes/ListeTypedocPLU.csv,ListeTypedocPLU.csv
61867877ba147d9c1011eec925d6fdb7,80a24c6421eadf84d736965385635a83,PrescriptionUrbaType,PrescriptionUrbaType,./codes/PrescriptionUrbaType.csv,PrescriptionUrbaType2024.csv
7c2d5c979dbc43f0463ad2498c69367c,80a24c6421eadf84d736965385635a83,ListeTypezonePLU,ListeTypezonePLU,./codes/ListeTypezonePLU.csv,ListeTypezonePLU.csv
8813cf746f0ca5d95cbd9b1ab1cf6439,80a24c6421eadf84d736965385635a83,ListeEtatPLU,ListeEtatPLU,./codes/ListeEtatPLU.csv,ListeEtatPLU.csv
a087671f3426e3239f1e0695e1c0a051,80a24c6421eadf84d736965385635a83,ListeTyperefPLU,ListeTyperefPLU,./codes/ListeTyperefPLU.csv,ListeTyperefPLU.csv
e2742b4726b240b087982797fafbfe01,80a24c6421eadf84d736965385635a83,InformationUrbaType,InformationUrbaType,./codes/InformationUrbaType.csv,InformationUrbaType2022.csv
0b13c887646793b68b33ea1b6a439206,92cf99dd815bf0cc3a26e70b9ef68c8c,ListeEtatSCoT,ListeEtatSCoT,./codes/ListeEtatSCoT.csv,ListeEtatSCoT.csv
db166d7415485baaa342acea360b10a0,92cf99dd815bf0cc3a26e70b9ef68c8c,ListeTypedocSCoT,ListeTypedocSCoT,./codes/ListeTypedocSCoT.csv,ListeTypedocSCoT.csv
fe2047ed7e575430bbec299b2a3848ce,92cf99dd815bf0cc3a26e70b9ef68c8c,ListeTypeprocSCoT,ListeTypeprocSCoT,./codes/ListeTypeprocSCoT.csv,ListeTypeprocSCoT.csv
00d23461c4b468e402669e2a4035f661,a95f87edbaf1e2e69a6620f2d071b81b,InformationUrbaType,InformationUrbaType,./codes/InformationUrbaType.csv,InformationUrbaType2022.csv
0235921b8a2b11f08be284fa14c04ca5,a95f87edbaf1e2e69a6620f2d071b81b,PrescriptionSUrbaType,PrescriptionSUrbaType,./codes/PrescriptionSUrbaType.csv,PrescriptionSUrbaType2025.csv
0235921c8a2b11f01e857abd21989db7,a95f87edbaf1e2e69a6620f2d071b81b,PrescriptionPUrbaType,PrescriptionPUrbaType,./codes/PrescriptionPUrbaType.csv,PrescriptionPUrbaType2025.csv
0235921d8a2b11f0e872fed64d809578,a95f87edbaf1e2e69a6620f2d071b81b,ListeTyperefPLU,ListeTyperefPLU,./codes/ListeTyperefPLU.csv,ListeTyperefPLU.csv
147464759d1d43b88cbfabe76a85a2d0,a95f87edbaf1e2e69a6620f2d071b81b,ListeTypezonePLU,ListeTypezonePLU,./codes/ListeTypezonePLU.csv,ListeTypezonePLU.csv
27162e94161d43168b78da1b91105684,a95f87edbaf1e2e69a6620f2d071b81b,ListeTypedocPLU,ListeTypedocPLU,./codes/ListeTypedocPLU.csv,ListeTypedocPLU.csv
e9d8015213c4f9b881367e4fcbe71d21,a95f87edbaf1e2e69a6620f2d071b81b,PrescriptionLUrbaType,PrescriptionLUrbaType,./codes/PrescriptionLUrbaType.csv,PrescriptionLUrbaType2025.csv
eef40486d081dd5349b2fdda0fca8e24,a95f87edbaf1e2e69a6620f2d071b81b,ListeEtatPLU,ListeEtatPLU,./codes/ListeEtatPLU.csv,ListeEtatPLU.csv
ca3511af065cf4577d004ab01e3e93ec,a96fb88dc8c104db036af82893f67c2c,ListeModegeoassSUP,ListeModegeoassSUP,./codes/ListeModegeoassSUP.csv,ListeModegeoassSUP_light.csv
80f3589096cef1bf141a6ae9fba4f380,b1766cedddcd650be0e4ab7a474f3e74,ListeModegenereSUP,ListeModegenereSUP,./codes/ListeModegenereSUP.csv,ListeModegenereSUP.csv
0847769d57ff2c0a30f9f48342f523e1,c3688dd801a8a494855d4919023062fe,ListeHrefSUP,ListeHrefSUP,./codes/ListeHrefSUP.csv,ListeHrefSUP.csv
39046ec46d88cabc5e13a4785a291ddb,cbe1976ffeaf76d6530a0d8a931bf43c,ListeTypezonePSMV,ListeTypezonePSMV,./codes/ListeTypezonePSMV.csv,ListeTypezonePLU.csv
40240d8ff7138e8104cf22fd54766cc1,cbe1976ffeaf76d6530a0d8a931bf43c,ListeTyperefPSMV,ListeTyperefPSMV,./codes/ListeTyperefPSMV.csv,ListeTyperefCC.csv
8b8e30857eec63dd41a4c44868999839,cbe1976ffeaf76d6530a0d8a931bf43c,ListeTypedocPSMV,ListeTypedocPSMV,./codes/ListeTypedocPSMV.csv,ListeTypedocPSMV.csv
b026fd5bf1aef124a0f14cc0dbbc5d2f,cbe1976ffeaf76d6530a0d8a931bf43c,InformationPSMVType,InformationPSMVType,./codes/InformationPSMVType.csv,InformationPSMVType2022.csv
d0fa89b0660a56c0ec39cad507d72c1c,cbe1976ffeaf76d6530a0d8a931bf43c,PrescriptionPSMVType,PrescriptionPSMVType,./codes/PrescriptionPSMVType.csv,PrescriptionPSMVType2022.csv
f7f7e3f6c67a1aed12f03b5882c6b40c,cbe1976ffeaf76d6530a0d8a931bf43c,ListeEtatPSMV,ListeEtatPSMV,./codes/ListeEtatPSMV.csv,ListeEtatPLU.csv
13c55738f73d43faa59adffc27a5e14c,cfbbf860fc024411c0df46e177114444,PrescriptionLUrbaType,PrescriptionLUrbaType,./codes/PrescriptionLUrbaType.csv,PrescriptionLUrbaType2025.csv
30b22213b3ceef1069bdf140af6bd69c,cfbbf860fc024411c0df46e177114444,PrescriptionSUrbaType,PrescriptionSUrbaType,./codes/PrescriptionSUrbaType.csv,PrescriptionSUrbaType2025.csv
4b36545e0933537dc3a6dafbac2f6bb7,cfbbf860fc024411c0df46e177114444,ListeTypezonePLU,ListeTypezonePLU,./codes/ListeTypezonePLU.csv,ListeTypezonePLU.csv
53a17cb3806a5d376501c28c410151bb,cfbbf860fc024411c0df46e177114444,ListeEtatPLU,ListeEtatPLU,./codes/ListeEtatPLU.csv,ListeEtatPLU.csv
8fea08bd905f51912621b00390f305df,cfbbf860fc024411c0df46e177114444,PrescriptionPUrbaType,PrescriptionPUrbaType,./codes/PrescriptionPUrbaType.csv,PrescriptionPUrbaType2025.csv
b6db1e069436300254476485aacd1ce2,cfbbf860fc024411c0df46e177114444,ListeTypedocPLU,ListeTypedocPLU,./codes/ListeTypedocPLU.csv,ListeTypedocPLU.csv
c39470ceca13f6914406e6202710867c,cfbbf860fc024411c0df46e177114444,InformationUrbaType,InformationUrbaType,./codes/InformationUrbaType.csv,InformationUrbaType2022.csv
dd73fbc822f4cc29851313abcabee3c0,cfbbf860fc024411c0df46e177114444,ListeTyperefPLU,ListeTyperefPLU,./codes/ListeTyperefPLU.csv,ListeTyperefPLU.csv
82d07b411986661b1f8cccc1b1b89b8c,d3193a921c1b125452c716875b053906,ListeHrefSUP,ListeHrefSUP,./codes/ListeHrefSUP.csv,ListeHrefSUP.csv
78b4a8d5b28223aa002f731ada1932fd,d3eeddac60bb1dd2c72e559e6cac6583,ListeTypeGestSUP,ListeTypeGestSUP,./codes/ListeTypeGestSUP.csv,ListeTypeGestSUP.csv
c04d3d757acf4def7832dba21764a8df,d3eeddac60bb1dd2c72e559e6cac6583,ListeTypeVoieSUP,ListeTypeVoieSUP,./codes/ListeTypeVoieSUP.csv,ListeTypeSUPTypeVoie.csv
3f2c203e6bd29d90ca8346f17aeac7e7,daa5b8660a6a7b55b8a378e49ee4b7ca,ListeHrefSUP,ListeHrefSUP,./codes/ListeHrefSUP.csv,ListeHrefSUP.csv
2d2b716df8d7ea18514ba498451ac634,e8657bc76307b81202b63cc0cf014c35,ListeTypezonePLU,ListeTypezonePLU,./codes/ListeTypezonePLU.csv,ListeTypezonePLU.csv
47fd123fe88f693d896f5174cb668d79,e8657bc76307b81202b63cc0cf014c35,ListeTypedocPLU,ListeTypedocPLU,./codes/ListeTypedocPLU.csv,ListeTypedocPLUi.csv
78e06de0134cb50f966b0e7d105681cc,e8657bc76307b81202b63cc0cf014c35,PrescriptionUrbaType,PrescriptionUrbaType,./codes/PrescriptionUrbaType.csv,PrescriptionUrbaType2022.csv
a51bac5c03bd4a5522383ad5fb9e2274,e8657bc76307b81202b63cc0cf014c35,InformationUrbaType,InformationUrbaType,./codes/InformationUrbaType.csv,InformationUrbaType2022.csv
c7d8eac9cd99a481120e15cf5c687d15,e8657bc76307b81202b63cc0cf014c35,ListeEtatPLU,ListeEtatPLU,./codes/ListeEtatPLU.csv,ListeEtatPLU.csv
e85a6871c06ecff801e9c609ca14cb48,e8657bc76307b81202b63cc0cf014c35,ListeTyperefPLU,ListeTyperefPLU,./codes/ListeTyperefPLU.csv,ListeTyperefPLU.csv
23030c428c9eae529d13d479da0b832f,ffcddc2f34028e3a966a0f6583963625,ListeValidegestSUP,ListeValidegestSUP,./codes/ListeValidegestSUP.csv,ListeValidegestSUP.csv
32ebbfb6b062b4239342b0c040a14dd9,ffcddc2f34028e3a966a0f6583963625,ListeTypeacteSUP,ListeTypeacteSUP,./codes/ListeTypeacteSUP.csv,ListeTypeacteSUP.csv
4aa24d9ed68d1b2a0efe57a570a0ccee,ffcddc2f34028e3a966a0f6583963625,ListeCategorieSUP,ListeCategorieSUP,./codes/ListeCategorieSUP.csv,ListeCategorieSUP.csv
50db8c188280f1b897365526175022a0,ffcddc2f34028e3a966a0f6583963625,ListeModegenereSUP,ListeModegenereSUP,./codes/ListeModegenereSUP.csv,ListeModegenereSUP.csv
88ed0acd65f7229ab7666872927058e6,ffcddc2f34028e3a966a0f6583963625,ListeAplanSUP,ListeAplanSUP,./codes/ListeAplanSUP.csv,ListeAplanSUP.csv
9059692af64ac2cadb7ef8c69e8c316a,ffcddc2f34028e3a966a0f6583963625,ListeModegeoassSUP,ListeModegeoassSUP,./codes/ListeModegeoassSUP.csv,ListeModegeoassSUP.csv
a4566ce450f379b75e3ddc478926965f,ffcddc2f34028e3a966a0f6583963625,ListeDecisionSUP,ListeDecisionSUP,./codes/ListeDecisionSUP.csv,ListeDecisionSUP.csv
abc46e469e0a94e7dac241d2585d8349,ffcddc2f34028e3a966a0f6583963625,ListeModeprodSUP,ListeModeprodSUP,./codes/ListeModeprodSUP.csv,ListeModeprodSUP.csv
