id,parent_id,document_model_id,name,description
42db1164da96ab2bff256814f5a9cbdc,4edb459e86909278aba4c2af6c942b42,028e0395908a4e4512cdda472e2978a8,Js1_ASSIETTE_SUP_S,"Table contenant les assiettes ponctuels / linéaires / surfaciques liés aux servitudes de la catégorie CAT"
59c6c6794d0513c9fef44f66512a2ff2,5146126394baf20af78d61bf8c20abf9,028e0395908a4e4512cdda472e2978a8,Js1_GENERATEUR_SUP_S,"Table contenant les générateurs ponctuels / linéaires / surfaciques liés aux servitudes de la catégorie CAT"
0959dfcced5c2c53c87cbc45ef0f6445,,0848d5fe9ed44479476fb2c2fcbe89b0,HABILLAGE_SURF,"Table des tracés surfaciques indicatifs figurant sur le plan du document d'urbanisme à des fins d'ha"
19d59772035890ac8af9acf6ae266e7c,,0848d5fe9ed44479476fb2c2fcbe89b0,INFO_SURF,"Table contenant les périmètres à reporter à titre d'information"
26393a7a3de011998233b7fcdbdc529c,,0848d5fe9ed44479476fb2c2fcbe89b0,DOC_URBA_COM,"Table contenant la liste des documents d'Urbanisme PLU ou POS dont la numérisation ou l'élaboration sous fourme numérique est engagée"
2af3bf56ce13dc5db3a03e899328f356,,0848d5fe9ed44479476fb2c2fcbe89b0,HABILLAGE_TXT,"Table des objets textuels (étiquettes) figurant sur le plan du document d'urbanisme à des fins d'ha"
35461c1a9b4cd9eb4a7640b481506b78,,0848d5fe9ed44479476fb2c2fcbe89b0,HABILLAGE_LIN,"Table des tracés linéaires indicatifs figurant sur le plan du document d'urbanisme à des fins d'ha"
38788840b14ed95df547f55492195354,,0848d5fe9ed44479476fb2c2fcbe89b0,PRESCRIPTION_PCT,"Table contenant les prescriptions ponctuelles se superposant au document d'urbanisme et le lien avec le texte qui la décrit"
45463f8e20588fa10cb2bfe0a74b6fef,,0848d5fe9ed44479476fb2c2fcbe89b0,HABILLAGE_PCT,"Table des tracés ponctuels indicatifs figurant sur le plan du document d'urbanisme à des fins d'ha"
56906a1236e96bd71248810a29f539f6,,0848d5fe9ed44479476fb2c2fcbe89b0,PRESCRIPTION_SURF,"Table contenant les prescriptions surfaciques se superposant au document d'urbanisme et le lien avec le texte qui la décrit"
5a1106fcaa318ed423cb7ec9d63021bf,,0848d5fe9ed44479476fb2c2fcbe89b0,INFO_LIN,"Table contenant les informations linéaires à reporter à titre d'information"
7146ff554bbe3d14e958e2242abc19af,,0848d5fe9ed44479476fb2c2fcbe89b0,INFO_PCT,"Table contenant les informations ponctuelle à reporter à titre d'information"
b017337d4b9a70ac2b5fff083235e999,,0848d5fe9ed44479476fb2c2fcbe89b0,PRESCRIPTION_LIN,"Table contenant les prescriptions linéaires se superposant au document d'urbanisme et le lien avec le texte qui la décrit"
b6c06e076c6d7cb5953a27a91e446ccb,,0848d5fe9ed44479476fb2c2fcbe89b0,DOC_URBA,"Table contenant la liste des documents d'Urbanisme PLU ou POS dont la numérisation ou l'élaboration sous fourme numérique est engagée"
e139447bb20c067c1ad6303034f804ad,,0848d5fe9ed44479476fb2c2fcbe89b0,ZONE_URBA,"Table contenant les zones d'un document PLU ou POS"
2d5d1c81d535a1175d51fd7e7f6755d8,4edb459e86909278aba4c2af6c942b42,0bc03865234373d67fba05047cef4748,T5_ASSIETTE_SUP_S,"Table contenant les assiettes ponctuels / linéaires / surfaciques liés aux servitudes de la catégorie CAT"
8ec478ac97978b178fc368a06181a350,5146126394baf20af78d61bf8c20abf9,0bc03865234373d67fba05047cef4748,T5_GENERATEUR_SUP_S,"Table contenant les générateurs ponctuels / linéaires / surfaciques liés aux servitudes de la catégorie CAT"
147ed5992e3c7a5c00131c7eaf381146,4edb459e86909278aba4c2af6c942b42,0c205df3ddf16921cd1e23cc454a77a2,AC2_ASSIETTE_SUP_S,"Table contenant les assiettes ponctuels / linéaires / surfaciques liés aux servitudes de la catégorie CAT"
720d29fb45284e808f32745127fdc8fc,5146126394baf20af78d61bf8c20abf9,0c205df3ddf16921cd1e23cc454a77a2,AC2_GENERATEUR_SUP_P,"Table contenant les générateurs ponctuels / linéaires / surfaciques liés aux servitudes de la catégorie CAT"
c9118f093a78efa7522f988e2179672e,4edb459e86909278aba4c2af6c942b42,0c205df3ddf16921cd1e23cc454a77a2,AC2_ASSIETTE_SUP_P,"Table contenant les assiettes ponctuels / linéaires / surfaciques liés aux servitudes de la catégorie CAT"
d25873afe1b50fe9b680a6171e02ba15,5146126394baf20af78d61bf8c20abf9,0c205df3ddf16921cd1e23cc454a77a2,AC2_GENERATEUR_SUP_S,"Table contenant les générateurs ponctuels / linéaires / surfaciques liés aux servitudes de la catégorie CAT"
04dc3c985a779f9206eded47115dd240,5146126394baf20af78d61bf8c20abf9,106b0bd732b49c6e652c74632de6f8fd,AR6_GENERATEUR_SUP_S,"Table contenant les générateurs ponctuels / linéaires / surfaciques liés aux servitudes de la catégorie CAT"
a96e2badebaa115c57665a111ad88d9d,4edb459e86909278aba4c2af6c942b42,106b0bd732b49c6e652c74632de6f8fd,AR6_ASSIETTE_SUP_S,"Table contenant les assiettes ponctuels / linéaires / surfaciques liés aux servitudes de la catégorie CAT"
06b9093567ba0678e8c054eb885d2e95,4edb459e86909278aba4c2af6c942b42,163fab7c651631b7f4441afee9c00d22,PM1bis_ASSIETTE_SUP_S,"Table contenant les assiettes ponctuels / linéaires / surfaciques liés aux servitudes de la catégorie CAT"
5c70e483e6e101540d575cb44720dfb4,5146126394baf20af78d61bf8c20abf9,163fab7c651631b7f4441afee9c00d22,PM1bis_GENERATEUR_SUP_S,"Table contenant les générateurs ponctuels / linéaires / surfaciques liés aux servitudes de la catégorie CAT"
6619826c3d598e8e103aebb448edc6c3,4edb459e86909278aba4c2af6c942b42,1d2bba87a5a60e2e3f8d5bf434b2ec64,I1bis_ASSIETTE_SUP_S,"Table contenant les assiettes ponctuels / linéaires / surfaciques liés aux servitudes de la catégorie CAT"
f7ea250fdd49651ed4d408d1b1a47ac5,5146126394baf20af78d61bf8c20abf9,1d2bba87a5a60e2e3f8d5bf434b2ec64,I1bis_GENERATEUR_SUP_L,"Table contenant les générateurs ponctuels / linéaires / surfaciques liés aux servitudes de la catégorie CAT"
59330a053f8b1883e4ad5530b0b1ae2c,4edb459e86909278aba4c2af6c942b42,1d2eb5e8eab9575cc2c35fe195c2135e,EL6_ASSIETTE_SUP_S,"Table contenant les assiettes ponctuels / linéaires / surfaciques liés aux servitudes de la catégorie CAT"
d7f5c65c46b6da71d0f3ce358422f296,5146126394baf20af78d61bf8c20abf9,1d2eb5e8eab9575cc2c35fe195c2135e,EL6_GENERATEUR_SUP_L,"Table contenant les générateurs ponctuels / linéaires / surfaciques liés aux servitudes de la catégorie CAT"
07ec7660034c527d2ed8fac2b52fb886,4edb459e86909278aba4c2af6c942b42,2246779acd20372ca7336f6c826b2ac9,AR4_ASSIETTE_SUP_S,"Table contenant les assiettes ponctuels / linéaires / surfaciques liés aux servitudes de la catégorie CAT"
aa24f81127fdf6454d91247dede9c11c,5146126394baf20af78d61bf8c20abf9,2246779acd20372ca7336f6c826b2ac9,AR4_GENERATEUR_SUP_S,"Table contenant les générateurs ponctuels / linéaires / surfaciques liés aux servitudes de la catégorie CAT"
0eb4dfe435308652d23a7a839d5d0d4d,5146126394baf20af78d61bf8c20abf9,22a6eff49031cbbcfa2e42dd113dad0f,I6_GENERATEUR_SUP_S,"Table contenant les générateurs ponctuels / linéaires / surfaciques liés aux servitudes de la catégorie CAT"
6eeb0fa1e4de3bdee2f761283adb69ae,4edb459e86909278aba4c2af6c942b42,22a6eff49031cbbcfa2e42dd113dad0f,I6_ASSIETTE_SUP_S,"Table contenant les assiettes ponctuels / linéaires / surfaciques liés aux servitudes de la catégorie CAT"
8ae74cd341eb04dec12f5101f1fa7e5f,5146126394baf20af78d61bf8c20abf9,22ab95518f87353c66df3eb16f0ad558,EL3_GENERATEUR_SUP_L,"Table contenant les générateurs ponctuels / linéaires / surfaciques liés aux servitudes de la catégorie CAT"
ef925ca68f11d4de45926cc8020463aa,4edb459e86909278aba4c2af6c942b42,22ab95518f87353c66df3eb16f0ad558,EL3_ASSIETTE_SUP_S,"Table contenant les assiettes ponctuels / linéaires / surfaciques liés aux servitudes de la catégorie CAT"
1b5fd0cd2400c187b341e188292e773e,5146126394baf20af78d61bf8c20abf9,281564236e7995382db2d20882897866,T7_GENERATEUR_SUP_P,"Table contenant les générateurs ponctuels / linéaires / surfaciques liés aux servitudes de la catégorie CAT"
4ae5ba7d696be728031d52259b4ab6b4,4edb459e86909278aba4c2af6c942b42,281564236e7995382db2d20882897866,T7_ASSIETTE_SUP_P,"Table contenant les assiettes ponctuels / linéaires / surfaciques liés aux servitudes de la catégorie CAT"
078027c579d7d0370976d87d0b6e6452,5146126394baf20af78d61bf8c20abf9,29a976c20b8c6a712fa1847040958e28,PM2_GENERATEUR_SUP_S,"Table contenant les générateurs ponctuels / linéaires / surfaciques liés aux servitudes de la catégorie CAT"
b0f72d8cf9099420afba8f04855faf96,5146126394baf20af78d61bf8c20abf9,29a976c20b8c6a712fa1847040958e28,PM2_GENERATEUR_SUP_P,"Table contenant les générateurs ponctuels / linéaires / surfaciques liés aux servitudes de la catégorie CAT"
de25fd70db811f8976e3e4ac8516557b,4edb459e86909278aba4c2af6c942b42,29a976c20b8c6a712fa1847040958e28,PM2_ASSIETTE_SUP_S,"Table contenant les assiettes ponctuels / linéaires / surfaciques liés aux servitudes de la catégorie CAT"
353a8f343c695e3de694326983e505ee,4edb459e86909278aba4c2af6c942b42,2d5341e863c3c404e6ab4080a4e27f72,A3_ASSIETTE_SUP_S,"Table contenant les assiettes ponctuels / linéaires / surfaciques liés aux servitudes de la catégorie CAT"
d0225942c2e4921ef38cc88fcb7a0f9a,5146126394baf20af78d61bf8c20abf9,2d5341e863c3c404e6ab4080a4e27f72,A3_GENERATEUR_SUP_L,"Table contenant les générateurs ponctuels / linéaires / surfaciques liés aux servitudes de la catégorie CAT"
0fb2ab598256e842a532478c1554ef87,4edb459e86909278aba4c2af6c942b42,2df65e53c79ba0bc51896b742b529438,I7_ASSIETTE_SUP_S,"Table contenant les assiettes ponctuels / linéaires / surfaciques liés aux servitudes de la catégorie CAT"
cdd1d8be8f0905f8771b58d98e6ad224,5146126394baf20af78d61bf8c20abf9,2df65e53c79ba0bc51896b742b529438,I7_GENERATEUR_SUP_S,"Table contenant les générateurs ponctuels / linéaires / surfaciques liés aux servitudes de la catégorie CAT"
61527ff7a9253cc8ef46e6c4cc03ebfd,5146126394baf20af78d61bf8c20abf9,2ed3fb41fa8a47f192ba2711fd0071f6,A6_GENERATEUR_SUP_S,"Table contenant les générateurs ponctuels / linéaires / surfaciques liés aux servitudes de la catégorie CAT"
a21c2e976cc14ebb42df4be71aeed553,4edb459e86909278aba4c2af6c942b42,2ed3fb41fa8a47f192ba2711fd0071f6,A6_ASSIETTE_SUP_S,"Table contenant les assiettes ponctuels / linéaires / surfaciques liés aux servitudes de la catégorie CAT"
57726384fb706fb8e490e6abd97f82d3,4edb459e86909278aba4c2af6c942b42,2f3af2557216c7912d3d967c9b803c92,T3_ASSIETTE_SUP_S,"Table contenant les assiettes ponctuels / linéaires / surfaciques liés aux servitudes de la catégorie CAT"
825ddf1f7b436237ea7cd2ce80e41db5,5146126394baf20af78d61bf8c20abf9,2f3af2557216c7912d3d967c9b803c92,T3_GENERATEUR_SUP_L,"Table contenant les générateurs ponctuels / linéaires / surfaciques liés aux servitudes de la catégorie CAT"
15d5ec71aa66f4e2b62d1d20639484b0,,39c84789b97ac1944ff285abf3c1354c,HABILLAGE_LIN,"Table des tracés linéaires indicatifs figurant sur le plan du document d'urbanisme à des fins d'habillage"
3b31c624149d65a8615a4d31975f36e9,,39c84789b97ac1944ff285abf3c1354c,INFO_PCT,"Table contenant les informations ponctuelles à reporter à titre  d'information"
6290167e09ed0236b6db532f24590863,,39c84789b97ac1944ff285abf3c1354c,INFO_LIN,"Table contenant les informations linéaires à reporter à titre d'information"
6758f278a9b8fac39d565073bd2ae2f0,,39c84789b97ac1944ff285abf3c1354c,DOC_URBA,"Table contenant la liste des documents d'Urbanisme PLU ou POS dont la numérisation ou l'élaboration sous fourme numérique est engagée"
9713aac3def85708d7dd1c3872ea7ebe,,39c84789b97ac1944ff285abf3c1354c,HABILLAGE_SURF,"Table des tracés surfaciques indicatifs figurant sur le plan du document d'urbanisme à des fins d'habillage"
bfb1ec32fb0500e2b5cfb95f593e8b9e,,39c84789b97ac1944ff285abf3c1354c,INFO_SURF,"Table contenant les périmètres à reporter à titre d'information"
c2a0782dd2345c251bc4cec34aa061d2,,39c84789b97ac1944ff285abf3c1354c,SECTEUR_CC,"Table contenant les secteurs de la carte communale"
d0fcb802b1504cc67554db9d7bc0ae00,,39c84789b97ac1944ff285abf3c1354c,DOC_URBA_COM,"Table contenant la liste des documents d'Urbanisme PLU ou POS dont la numérisation ou l'élaboration sous fourme numérique est engagée"
e3d12fbf0fce2ec75a0d394c9e935ff7,,39c84789b97ac1944ff285abf3c1354c,HABILLAGE_TXT,"Table des objets textuels (étiquettes) figurant sur le plan du document d'urbanisme à des fins d'habillage"
f84197014ca3151554299502e3523857,,39c84789b97ac1944ff285abf3c1354c,HABILLAGE_PCT,"Table des tracés ponctuels indicatifs figurant sur le plan du document d'urbanisme à des fins d'habillage"
7c4e0075aafabf0cc14610febe147b7d,5146126394baf20af78d61bf8c20abf9,3b7b230aca4ef150ffc3f22b7f281acb,I1_GENERATEUR_SUP_L,"Table contenant les générateurs ponctuels / linéaires / surfaciques liés aux servitudes de la catégorie CAT"
8379a7f3e8fb1b20dd016d591647cfcb,4edb459e86909278aba4c2af6c942b42,3b7b230aca4ef150ffc3f22b7f281acb,I1_ASSIETTE_SUP_S,"Table contenant les assiettes ponctuels / linéaires / surfaciques liés aux servitudes de la catégorie CAT"
96935c59392c6a6fb2c6419ae0603748,4edb459e86909278aba4c2af6c942b42,4329e35a04e87caa28f5614e6cf0409f,I3_ASSIETTE_SUP_L,"Table contenant les assiettes ponctuels / linéaires / surfaciques liés aux servitudes de la catégorie CAT"
a8aab9d21293bba32540b36ed25ad7a7,5146126394baf20af78d61bf8c20abf9,4329e35a04e87caa28f5614e6cf0409f,I3_GENERATEUR_SUP_L,"Table contenant les générateurs ponctuels / linéaires / surfaciques liés aux servitudes de la catégorie CAT"
12cbfc3a5315cffa63787779d3e6599c,4edb459e86909278aba4c2af6c942b42,44d0899b8ab596d8792491899cbc938b,AR2_ASSIETTE_SUP_S,"Table contenant les assiettes ponctuels / linéaires / surfaciques liés aux servitudes de la catégorie CAT"
71a7b32a5a02cf6cb55f3cd52e811cc0,5146126394baf20af78d61bf8c20abf9,44d0899b8ab596d8792491899cbc938b,AR2_GENERATEUR_SUP_P,"Table contenant les générateurs ponctuels / linéaires / surfaciques liés aux servitudes de la catégorie CAT"
1e69a1c7d739fce4ec91d99a8f127deb,4edb459e86909278aba4c2af6c942b42,4be3b85ff81f8012c05593a3cab25895,EL2_ASSIETTE_SUP_S,"Table contenant les assiettes ponctuels / linéaires / surfaciques liés aux servitudes de la catégorie CAT"
d2d80dffccd12f0ff0a1c951f5bc260a,5146126394baf20af78d61bf8c20abf9,4be3b85ff81f8012c05593a3cab25895,EL2_GENERATEUR_SUP_S,"Table contenant les générateurs ponctuels / linéaires / surfaciques liés aux servitudes de la catégorie CAT"
6b5f58a6bca8b07d209852580cc4b244,4edb459e86909278aba4c2af6c942b42,4c93b1c3a1a1411ae34ff7ee5008841f,A8_ASSIETTE_SUP_S,"Table contenant les assiettes ponctuels / linéaires / surfaciques liés aux servitudes de la catégorie CAT"
d5d01e2b2221237e0dbd5eaa54ff33a8,5146126394baf20af78d61bf8c20abf9,4c93b1c3a1a1411ae34ff7ee5008841f,A8_GENERATEUR_SUP_S,"Table contenant les générateurs ponctuels / linéaires / surfaciques liés aux servitudes de la catégorie CAT"
117a1bf6783bf35a74a392f8e3100511,5146126394baf20af78d61bf8c20abf9,503854cf299a4df4a79588154d1f4f99,EL2bis_GENERATEUR_SUP_S,"Table contenant les générateurs ponctuels / linéaires / surfaciques liés aux servitudes de la catégorie CAT"
7b07754a1d42a8907aac62b69a6492e6,4edb459e86909278aba4c2af6c942b42,503854cf299a4df4a79588154d1f4f99,EL2bis_ASSIETTE_SUP_S,"Table contenant les assiettes ponctuels / linéaires / surfaciques liés aux servitudes de la catégorie CAT"
26512787c333506b888007e64634d308,5146126394baf20af78d61bf8c20abf9,58c20faa2c5b1c5a564aa7b6f1466a7f,A7_GENERATEUR_SUP_S,"Table contenant les générateurs ponctuels / linéaires / surfaciques liés aux servitudes de la catégorie CAT"
4ff137f1fda406385b9200b376994bf8,4edb459e86909278aba4c2af6c942b42,58c20faa2c5b1c5a564aa7b6f1466a7f,A7_ASSIETTE_SUP_S,"Table contenant les assiettes ponctuels / linéaires / surfaciques liés aux servitudes de la catégorie CAT"
0c72b242f1d003887fc88ccde2df8200,,602d607c66d4bb2de7215e007031f894,INFO_LIN,"Table contenant les informations linéaires à reporter à titre d'information"
22233966d08c1a80cf7b0ec4652decf4,,602d607c66d4bb2de7215e007031f894,PRESCRIPTION_LIN,"Table contenant les prescriptions linéaires se superposant au document d'urbanisme et le lien avec le texte qui la décrit"
35e3e0b3c970d017b25914583294e754,,602d607c66d4bb2de7215e007031f894,PRESCRIPTION_PCT,"Table contenant les prescriptions ponctuelles se superposant au document d'urbanisme et le lien avec le texte qui la décrit"
3913ad9d96b4ee577f953cf4537da61d,,602d607c66d4bb2de7215e007031f894,DOC_URBA_COM,"Table contenant la liste des documents d'Urbanisme PLU ou POS dont la numérisation ou l'élaboration sous fourme numérique est engagée"
39481f8bbd67f298f4ef20bb0b5d4552,,602d607c66d4bb2de7215e007031f894,HABILLAGE_LIN,"Table des tracés linéaires indicatifs figurant sur le plan du document d'urbanisme à des fins d'ha"
4467d4a214ed4a28a40c6c166bc780a8,,602d607c66d4bb2de7215e007031f894,INFO_PCT,"Table contenant les informations ponctuelle à reporter à titre d'information"
44e2862a7b2ebc12e85fd3e54bbeef47,,602d607c66d4bb2de7215e007031f894,HABILLAGE_TXT,"Table des objets textuels (étiquettes) figurant sur le plan du document d'urbanisme à des fins d'ha"
4a6120844bb8fedd8c6e27a14aa6062b,,602d607c66d4bb2de7215e007031f894,DOC_URBA,"Table contenant la liste des documents d'Urbanisme PLUi ou POS dont la numérisation ou l'élaboration sous fourme numérique est engagée"
56dead572541fa8dc9a45ec38e61270b,,602d607c66d4bb2de7215e007031f894,HABILLAGE_PCT,"Table des tracés ponctuels indicatifs figurant sur le plan du document d'urbanisme à des fins d'ha"
6f7d4fd11ffe0f4ae95346a5513f9559,,602d607c66d4bb2de7215e007031f894,HABILLAGE_SURF,"Table des tracés surfaciques indicatifs figurant sur le plan du document d'urbanisme à des fins d'ha"
7b3196dc157051cefba74f6ebf79cdaf,,602d607c66d4bb2de7215e007031f894,PRESCRIPTION_SURF,"Table contenant les prescriptions surfaciques se superposant au document d'urbanisme et le lien avec le texte qui la décrit"
c0eaf7648822861e8e877ab5715c93cb,,602d607c66d4bb2de7215e007031f894,ZONE_URBA,"Table contenant les zones d'un document PLU ou POS"
c94a99f4a1f3f564f413a4f7527f8c20,,602d607c66d4bb2de7215e007031f894,INFO_SURF,INFO_SURF
ba55e6257981c6db51b9bb1c68f6bcf4,4edb459e86909278aba4c2af6c942b42,60c93e7655afeacab814e5629f14c8b1,EL1_ASSIETTE_SUP_S,"Table contenant les assiettes ponctuels / linéaires / surfaciques liés aux servitudes de la catégorie CAT"
d813c4f263bb093ce975c58c02dcb76d,5146126394baf20af78d61bf8c20abf9,60c93e7655afeacab814e5629f14c8b1,EL1_GENERATEUR_SUP_S,"Table contenant les générateurs ponctuels / linéaires / surfaciques liés aux servitudes de la catégorie CAT"
885a50ab81402fbd4a2b0f30aeb3fa06,5146126394baf20af78d61bf8c20abf9,665559e883510da468645d1baf9380f8,EL10_GENERATEUR_SUP_S,"Table contenant les générateurs ponctuels / linéaires / surfaciques liés aux servitudes de la catégorie CAT"
f23d30c5205cf3494b77b7405f16b34c,4edb459e86909278aba4c2af6c942b42,665559e883510da468645d1baf9380f8,EL10_ASSIETTE_SUP_S,"Table contenant les assiettes ponctuels / linéaires / surfaciques liés aux servitudes de la catégorie CAT"
6ccea9b15913f0bc9385ba6d94a29417,4edb459e86909278aba4c2af6c942b42,668a6f8fd4ba5dd465a9e7dd54e7649d,T4_ASSIETTE_SUP_P,"Table contenant les assiettes ponctuels / linéaires / surfaciques liés aux servitudes de la catégorie CAT"
89becce2485eb801fc16a8cd66878508,5146126394baf20af78d61bf8c20abf9,668a6f8fd4ba5dd465a9e7dd54e7649d,T4_GENERATEUR_SUP_P,"Table contenant les générateurs ponctuels / linéaires / surfaciques liés aux servitudes de la catégorie CAT"
18f0688eda81abfdbb8601e22d081d10,4edb459e86909278aba4c2af6c942b42,6a7ec759276cb39557a5fa78ed1ee8d7,EL8_ASSIETTE_SUP_S,"Table contenant les assiettes ponctuels / linéaires / surfaciques liés aux servitudes de la catégorie CAT"
ca7c7431d7779c3f17bbdc18039e1a53,5146126394baf20af78d61bf8c20abf9,6a7ec759276cb39557a5fa78ed1ee8d7,EL8_GENERATEUR_SUP_P,"Table contenant les générateurs ponctuels / linéaires / surfaciques liés aux servitudes de la catégorie CAT"
3043d7e3c7066893881dc5530ee130ac,5146126394baf20af78d61bf8c20abf9,6b1856f59db06c3f2bae51e94a29fc74,AR5_GENERATEUR_SUP_S,"Table contenant les générateurs ponctuels / linéaires / surfaciques liés aux servitudes de la catégorie CAT"
40e47cd90e5c079eb1cf07acc0c063fc,4edb459e86909278aba4c2af6c942b42,6b1856f59db06c3f2bae51e94a29fc74,AR5_ASSIETTE_SUP_S,"Table contenant les assiettes ponctuels / linéaires / surfaciques liés aux servitudes de la catégorie CAT"
85fcaf10c17b004d6523ae4ce0aaf705,5146126394baf20af78d61bf8c20abf9,6ced85e6a7b22c034b61915ba110a289,AC4_GENERATEUR_SUP_S,"Table contenant les générateurs ponctuels / linéaires / surfaciques liés aux servitudes de la catégorie CAT"
f3953d28fc1ab25cf920084605f8177e,4edb459e86909278aba4c2af6c942b42,6ced85e6a7b22c034b61915ba110a289,AC4_ASSIETTE_SUP_S,"Table contenant les assiettes ponctuels / linéaires / surfaciques liés aux servitudes de la catégorie CAT"
35bdf828ba21c603d1f209be13b8623d,4edb459e86909278aba4c2af6c942b42,70d8d42eeb7c2789d9d66b8b611874fe,T2_ASSIETTE_SUP_L,"Table contenant les assiettes ponctuels / linéaires / surfaciques liés aux servitudes de la catégorie CAT"
98112985014d40563023c42fce0388ae,5146126394baf20af78d61bf8c20abf9,70d8d42eeb7c2789d9d66b8b611874fe,T2_GENERATEUR_SUP_L,"Table contenant les générateurs ponctuels / linéaires / surfaciques liés aux servitudes de la catégorie CAT"
07fb04c2148752ec9962695054bb5ff0,,7508c61d71b18e09ea0b5dd29014feb3,INFO_SURF,INFO_SURF
11ec5b1152c8efc96d4b9614f43b392d,,7508c61d71b18e09ea0b5dd29014feb3,PRESCRIPTION_LIN,"Table contenant les prescriptions linéaires se superposant au document d'urbanisme et le lien avec le texte qui la décrit"
215d29d3650606d0eb15f68425648147,,7508c61d71b18e09ea0b5dd29014feb3,HABILLAGE_SURF,"Table des tracés surfaciques indicatifs figurant sur le plan du document d'urbanisme à des fins d'ha"
280f8519bdf75e9acf30a5e1c6a05c4c,,7508c61d71b18e09ea0b5dd29014feb3,INFO_PCT,"Table contenant les informations ponctuelle à reporter à titre d'information"
2d2238b59f2cab6f5d1a3a6065b4e06d,,7508c61d71b18e09ea0b5dd29014feb3,ZONE_URBA,"Table contenant les zones d'un document PLU ou POS"
4e4a2f5ff81087ccd7393e53b5fa1302,,7508c61d71b18e09ea0b5dd29014feb3,PRESCRIPTION_PCT,"Table contenant les prescriptions ponctuelles se superposant au document d'urbanisme et le lien avec le texte qui la décrit"
7b6a3bcd230903b9934815fc275e7f84,,7508c61d71b18e09ea0b5dd29014feb3,HABILLAGE_TXT,"Table des objets textuels (étiquettes) figurant sur le plan du document d'urbanisme à des fins d'ha"
842dca4715be90a4a15f2b178d636c4b,,7508c61d71b18e09ea0b5dd29014feb3,HABILLAGE_PCT,"Table des tracés ponctuels indicatifs figurant sur le plan du document d'urbanisme à des fins d'ha"
866fa9d5d661efa495366643fc089899,,7508c61d71b18e09ea0b5dd29014feb3,INFO_LIN,"Table contenant les informations linéaires à reporter à titre d'information"
9b823682049225a989dabbc2f03a0239,,7508c61d71b18e09ea0b5dd29014feb3,PRESCRIPTION_SURF,"Table contenant les prescriptions surfaciques se superposant au document d'urbanisme et le lien avec le texte qui la décrit"
9ca85dc91d25e1ce55399734a976fea0,,7508c61d71b18e09ea0b5dd29014feb3,DOC_URBA,"Table contenant la liste des documents d'Urbanisme PLU ou POS dont la numérisation ou l'élaboration sous fourme numérique est engagée"
ccfea5e97c868e212dd48f206497b680,,7508c61d71b18e09ea0b5dd29014feb3,DOC_URBA_COM,"Table contenant la liste des documents d'Urbanisme PLU ou POS dont la numérisation ou l'élaboration sous fourme numérique est engagée"
f7d8c6e8591d22343a58cf90c7bd32f0,,7508c61d71b18e09ea0b5dd29014feb3,HABILLAGE_LIN,"Table des tracés linéaires indicatifs figurant sur le plan du document d'urbanisme à des fins d'ha"
bb4036e1f1c9bb4e065cb0f8c394daa9,4edb459e86909278aba4c2af6c942b42,7abad13a61e8ac0e30856742583df508,EL9_ASSIETTE_SUP_S,"Table contenant les assiettes ponctuels / linéaires / surfaciques liés aux servitudes de la catégorie CAT"
d7718e78f5c83706d45184b124fbc669,5146126394baf20af78d61bf8c20abf9,7abad13a61e8ac0e30856742583df508,EL9_GENERATEUR_SUP_L,"Table contenant les générateurs ponctuels / linéaires / surfaciques liés aux servitudes de la catégorie CAT"
768da0d0c327816cd9e9073ee19a9fa3,4edb459e86909278aba4c2af6c942b42,7b5fea14fbb73b4b53f4a3551c72a9ac,A4_ASSIETTE_SUP_S,"Table contenant les assiettes ponctuels / linéaires / surfaciques liés aux servitudes de la catégorie CAT"
aaa929c7980d6df6681b3322feb770d3,5146126394baf20af78d61bf8c20abf9,7b5fea14fbb73b4b53f4a3551c72a9ac,A4_GENERATEUR_SUP_S,"Table contenant les générateurs ponctuels / linéaires / surfaciques liés aux servitudes de la catégorie CAT"
b630d8258fb9238ad6d3d64efc2aa72b,5146126394baf20af78d61bf8c20abf9,7b5fea14fbb73b4b53f4a3551c72a9ac,A4_GENERATEUR_SUP_L,"Table contenant les générateurs ponctuels / linéaires / surfaciques liés aux servitudes de la catégorie CAT"
016facc067178504829763fb0eefd47a,4edb459e86909278aba4c2af6c942b42,7bcf02040f0996b62be9666117f6be05,A9_ASSIETTE_SUP_S,"Table contenant les assiettes ponctuels / linéaires / surfaciques liés aux servitudes de la catégorie CAT"
aa7e9d64f447f4ac0d4ab271c1cf2587,5146126394baf20af78d61bf8c20abf9,7bcf02040f0996b62be9666117f6be05,A9_GENERATEUR_SUP_S,"Table contenant les générateurs ponctuels / linéaires / surfaciques liés aux servitudes de la catégorie CAT"
25799ab4e7d3d17532d47bb17993a2ef,5146126394baf20af78d61bf8c20abf9,859defebe2fcef45c8638abbff01ed6b,PM5_GENERATEUR_SUP_S,"Table contenant les générateurs ponctuels / linéaires / surfaciques liés aux servitudes de la catégorie CAT"
e53e240a71fc7d13f8fb277acd561100,4edb459e86909278aba4c2af6c942b42,859defebe2fcef45c8638abbff01ed6b,PM5_ASSIETTE_SUP_S,"Table contenant les assiettes ponctuels / linéaires / surfaciques liés aux servitudes de la catégorie CAT"
05ff06f1e2a4c77ac1e8c450971d66e6,5146126394baf20af78d61bf8c20abf9,8627b77ef1c3abade5dca814f64a30b7,PT1_GENERATEUR_SUP_P,"Table contenant les générateurs ponctuels / linéaires / surfaciques liés aux servitudes de la catégorie CAT"
2901fae135812155c76d644226b7695a,5146126394baf20af78d61bf8c20abf9,8627b77ef1c3abade5dca814f64a30b7,PT1_GENERATEUR_SUP_S,"Table contenant les générateurs ponctuels / linéaires / surfaciques liés aux servitudes de la catégorie CAT"
d0bba82677e16628b021101bc92f60f6,4edb459e86909278aba4c2af6c942b42,8627b77ef1c3abade5dca814f64a30b7,PT1_ASSIETTE_SUP_S,"Table contenant les assiettes ponctuels / linéaires / surfaciques liés aux servitudes de la catégorie CAT"
1a164de2d1d57f4466e08d9c67714ebb,5146126394baf20af78d61bf8c20abf9,8875eeaff4e4965d65bfcd34b84a7b42,PT2_GENERATEUR_SUP_P,"Table contenant les générateurs ponctuels / linéaires / surfaciques liés aux servitudes de la catégorie CAT"
25189d337e33ee6251e7c264dd3fd1d9,4edb459e86909278aba4c2af6c942b42,8875eeaff4e4965d65bfcd34b84a7b42,PT2_ASSIETTE_SUP_S,"Table contenant les assiettes ponctuels / linéaires / surfaciques liés aux servitudes de la catégorie CAT"
7fb98379ce9af0230bf37e62d950c57c,5146126394baf20af78d61bf8c20abf9,8875eeaff4e4965d65bfcd34b84a7b42,PT2_GENERATEUR_SUP_L,"Table contenant les générateurs ponctuels / linéaires / surfaciques liés aux servitudes de la catégorie CAT"
f7dfc3075cd8e7f2ad019602379e10fa,5146126394baf20af78d61bf8c20abf9,8875eeaff4e4965d65bfcd34b84a7b42,PT2_GENERATEUR_SUP_S,"Table contenant les générateurs ponctuels / linéaires / surfaciques liés aux servitudes de la catégorie CAT"
6df8c8480c229502bd1669ec27edcbdf,5146126394baf20af78d61bf8c20abf9,8b724df1bfb7ee47fb8ab1cf0cbacf8d,PT3_GENERATEUR_SUP_L,"Table contenant les générateurs ponctuels / linéaires / surfaciques liés aux servitudes de la catégorie CAT"
901ea90d423629d389b0919e7fc486da,4edb459e86909278aba4c2af6c942b42,8b724df1bfb7ee47fb8ab1cf0cbacf8d,PT3_ASSIETTE_SUP_L,"Table contenant les assiettes ponctuels / linéaires / surfaciques liés aux servitudes de la catégorie CAT"
54b22f5854db9505825f127653b134e9,4edb459e86909278aba4c2af6c942b42,8c765547286d86dc8ecb612e76106127,PT4_ASSIETTE_SUP_L,"Table contenant les assiettes ponctuels / linéaires / surfaciques liés aux servitudes de la catégorie CAT"
deb57eb473c13dfcb788d92f23d0cd77,5146126394baf20af78d61bf8c20abf9,8c765547286d86dc8ecb612e76106127,PT4_GENERATEUR_SUP_L,"Table contenant les générateurs ponctuels / linéaires / surfaciques liés aux servitudes de la catégorie CAT"
3a63e09c1cf6c81b31606e971b53951f,5146126394baf20af78d61bf8c20abf9,8d15aaa717a926035178e321b57cc1f2,EL7_GENERATEUR_SUP_L,"Table contenant les générateurs ponctuels / linéaires / surfaciques liés aux servitudes de la catégorie CAT"
ae2a543d6e5644f99aedd643928be0a3,4edb459e86909278aba4c2af6c942b42,8d15aaa717a926035178e321b57cc1f2,EL7_ASSIETTE_SUP_L,"Table contenant les assiettes ponctuels / linéaires / surfaciques liés aux servitudes de la catégorie CAT"
bd5be18d6225f8feccf7325a4d34d970,5146126394baf20af78d61bf8c20abf9,8d15aaa717a926035178e321b57cc1f2,EL7_GENERATEUR_SUP_S,"Table contenant les générateurs ponctuels / linéaires / surfaciques liés aux servitudes de la catégorie CAT"
c9b3be1dd73c671d2296a07a66fd81c0,4edb459e86909278aba4c2af6c942b42,8d15aaa717a926035178e321b57cc1f2,EL7_ASSIETTE_SUP_S,"Table contenant les assiettes ponctuels / linéaires / surfaciques liés aux servitudes de la catégorie CAT"
f19e8e6deca5e54063b535e88d88ec9c,4edb459e86909278aba4c2af6c942b42,8eb24440841201f14a6e44f15cf91aea,EL11_ASSIETTE_SUP_S,"Table contenant les assiettes ponctuels / linéaires / surfaciques liés aux servitudes de la catégorie CAT"
f71bc7eb3e382021742037bb0177980c,5146126394baf20af78d61bf8c20abf9,8eb24440841201f14a6e44f15cf91aea,EL11_GENERATEUR_SUP_L,"Table contenant les générateurs ponctuels / linéaires / surfaciques liés aux servitudes de la catégorie CAT"
6bcc470aa3bd8cedd21f23f0b53f1a0e,4edb459e86909278aba4c2af6c942b42,93bacdd71072b6a9432fea5f64c47b19,AS2_ASSIETTE_SUP_S,"Table contenant les assiettes ponctuels / linéaires / surfaciques liés aux servitudes de la catégorie CAT"
b45e35e68c0eeffc792938c17a1870bd,5146126394baf20af78d61bf8c20abf9,93bacdd71072b6a9432fea5f64c47b19,AS2_GENERATEUR_SUP_S,"Table contenant les générateurs ponctuels / linéaires / surfaciques liés aux servitudes de la catégorie CAT"
4bdaa26244f634d7045a76a7c7f785c5,5146126394baf20af78d61bf8c20abf9,97a7ce1d8d58eaf02c3e661a08923f2d,T6_GENERATEUR_SUP_S,"Table contenant les générateurs ponctuels / linéaires / surfaciques liés aux servitudes de la catégorie CAT"
f96303ea87f93a53451da016ff32c3b6,4edb459e86909278aba4c2af6c942b42,97a7ce1d8d58eaf02c3e661a08923f2d,T6_ASSIETTE_SUP_S,"Table contenant les assiettes ponctuels / linéaires / surfaciques liés aux servitudes de la catégorie CAT"
001b5d53f09e518ed2866f76c52a3466,4edb459e86909278aba4c2af6c942b42,9bbde5223af2e9d7477cb91b3de9ff9a,PM1_ASSIETTE_SUP_S,"Table contenant les assiettes ponctuels / linéaires / surfaciques liés aux servitudes de la catégorie CAT"
c600bcb7c9aa1d469114671774b0123f,5146126394baf20af78d61bf8c20abf9,9bbde5223af2e9d7477cb91b3de9ff9a,PM1_GENERATEUR_SUP_S,"Table contenant les générateurs ponctuels / linéaires / surfaciques liés aux servitudes de la catégorie CAT"
47c6a6e28a58f706c9033b7175eeb956,5146126394baf20af78d61bf8c20abf9,9f8d57b0daffc1ff6dfe89c34cad53dc,I2_GENERATEUR_SUP_S,"Table contenant les générateurs ponctuels / linéaires / surfaciques liés aux servitudes de la catégorie CAT"
6d4afa2d0e1cbab97f6617d3a5a8c086,4edb459e86909278aba4c2af6c942b42,9f8d57b0daffc1ff6dfe89c34cad53dc,I2_ASSIETTE_SUP_S,"Table contenant les assiettes ponctuels / linéaires / surfaciques liés aux servitudes de la catégorie CAT"
0615e4812f3600c91caf53a89b7465ed,4edb459e86909278aba4c2af6c942b42,a4f6ffb26fd9d5db84ff3489408e1a0c,A5_ASSIETTE_SUP_L,"Table contenant les assiettes ponctuels / linéaires / surfaciques liés aux servitudes de la catégorie CAT"
af33be50764454df491741d1d89bbfa1,5146126394baf20af78d61bf8c20abf9,a4f6ffb26fd9d5db84ff3489408e1a0c,A5_GENERATEUR_SUP_L,"Table contenant les générateurs ponctuels / linéaires / surfaciques liés aux servitudes de la catégorie CAT"
4511a2ec04d00f329c027027ce406e51,4edb459e86909278aba4c2af6c942b42,a543fe85c41136b426dd8e1ae7c58ec6,A1_ASSIETTE_SUP_S,"Table contenant les assiettes ponctuels / linéaires / surfaciques liés aux servitudes de la catégorie CAT"
db409ffb543018378ab226d8359a7ec5,5146126394baf20af78d61bf8c20abf9,a543fe85c41136b426dd8e1ae7c58ec6,A1_GENERATEUR_SUP_S,"Table contenant les générateurs ponctuels / linéaires / surfaciques liés aux servitudes de la catégorie CAT"
0a3c44b438d31fb0517ae2d05e10a4ac,5146126394baf20af78d61bf8c20abf9,a581ed449b69b0bb49398f2c218d00a6,I8_GENERATEUR_SUP_S,"Table contenant les générateurs ponctuels / linéaires / surfaciques liés aux servitudes de la catégorie CAT"
fa693186444ebb4054a07ce189d678eb,4edb459e86909278aba4c2af6c942b42,a581ed449b69b0bb49398f2c218d00a6,I8_ASSIETTE_SUP_S,"Table contenant les assiettes ponctuels / linéaires / surfaciques liés aux servitudes de la catégorie CAT"
5526f383f54f349808e95400c4421803,5146126394baf20af78d61bf8c20abf9,a6f5ba842e151219298bf5456dbb24d6,EL5_GENERATEUR_SUP_S,"Table contenant les générateurs ponctuels / linéaires / surfaciques liés aux servitudes de la catégorie CAT"
5a33c1e552569f4dd30ff9f8c34e3ed1,4edb459e86909278aba4c2af6c942b42,a6f5ba842e151219298bf5456dbb24d6,EL5_ASSIETTE_SUP_S,"Table contenant les assiettes ponctuels / linéaires / surfaciques liés aux servitudes de la catégorie CAT"
a21611d12ea0a67fa867dafeef717250,5146126394baf20af78d61bf8c20abf9,a6f5ba842e151219298bf5456dbb24d6,EL5_GENERATEUR_SUP_P,"Table contenant les générateurs ponctuels / linéaires / surfaciques liés aux servitudes de la catégorie CAT"
c68281c3511596c2c818b45296697921,4edb459e86909278aba4c2af6c942b42,a6f5ba842e151219298bf5456dbb24d6,EL5_ASSIETTE_SUP_P,"Table contenant les assiettes ponctuels / linéaires / surfaciques liés aux servitudes de la catégorie CAT"
329c8d43c5b7862abd937d22132f40e0,4edb459e86909278aba4c2af6c942b42,a760c383d30d91539312e2c99ceab15c,AC3_ASSIETTE_SUP_S,"Table contenant les assiettes ponctuels / linéaires / surfaciques liés aux servitudes de la catégorie CAT"
dd2a46d4b29e7ae56149831b07fb9bb2,5146126394baf20af78d61bf8c20abf9,a760c383d30d91539312e2c99ceab15c,AC3_GENERATEUR_SUP_S,"Table contenant les générateurs ponctuels / linéaires / surfaciques liés aux servitudes de la catégorie CAT"
1df44911a69fd617250dda6e75f3f5ff,,a92b92f73d59917d050de93dbb4e74c7,PRESCRIPTION_SURF,"Table contenant les prescriptions surfaciques se superposant au document d'urbanisme et le lien avec le texte qui la décrit"
205eca1b2044a921dbac103d5fcf0d08,,a92b92f73d59917d050de93dbb4e74c7,DOC_URBA,"Table contenant la liste des documents d'Urbanisme PLU ou POS dont la numérisation ou l'élaboration sous fourme numérique est engagée"
33e6b6a82643433e039a853d5c6222c2,,a92b92f73d59917d050de93dbb4e74c7,INFO_LIN,"Table contenant les informations linéaires à reporter à titre d'information"
353f879824ced4083ff0726b606e3b5b,,a92b92f73d59917d050de93dbb4e74c7,ZONE_URBA,"Table contenant les zones d'un document PLU ou POS"
377c0c2802a542790275629eae444052,,a92b92f73d59917d050de93dbb4e74c7,DOC_URBA_COM,"Table contenant la liste des documents d'Urbanisme PLU ou POS dont la numérisation ou l'élaboration sous fourme numérique est engagée"
518cd494c508f95fd2ccb3b6973ac0b8,,a92b92f73d59917d050de93dbb4e74c7,INFO_SURF,INFO_SURF
63e18a45fa7db0a5571066f0a01994d1,,a92b92f73d59917d050de93dbb4e74c7,HABILLAGE_PCT,"Table des tracés ponctuels indicatifs figurant sur le plan du document d'urbanisme à des fins d'ha"
6fcb857100febcfd31d8d43ebacd1c77,,a92b92f73d59917d050de93dbb4e74c7,HABILLAGE_TXT,"Table des objets textuels (étiquettes) figurant sur le plan du document d'urbanisme à des fins d'ha"
d9447969363073652955af4fc7c1f7ea,,a92b92f73d59917d050de93dbb4e74c7,PRESCRIPTION_PCT,"Table contenant les prescriptions ponctuelles se superposant au document d'urbanisme et le lien avec le texte qui la décrit"
d9e315c3de1de6f99683235d3ebc144a,,a92b92f73d59917d050de93dbb4e74c7,INFO_PCT,"Table contenant les informations ponctuelle à reporter à titre d'information"
df03a746402d7a7bee9b89cccc7fab47,,a92b92f73d59917d050de93dbb4e74c7,HABILLAGE_SURF,"Table des tracés surfaciques indicatifs figurant sur le plan du document d'urbanisme à des fins d'ha"
df13ab0b8c53b0fd818a9641f1d8d51e,,a92b92f73d59917d050de93dbb4e74c7,PRESCRIPTION_LIN,"Table contenant les prescriptions linéaires se superposant au document d'urbanisme et le lien avec le texte qui la décrit"
f161d27ac49c01923def5f6118a68750,,a92b92f73d59917d050de93dbb4e74c7,HABILLAGE_LIN,"Table des tracés linéaires indicatifs figurant sur le plan du document d'urbanisme à des fins d'ha"
4fe1ad55b3571cb5ac5b539ba4df028f,5146126394baf20af78d61bf8c20abf9,b051728d2aae83997f127a9ed540f211,Int1_GENERATEUR_SUP_S,"Table contenant les générateurs ponctuels / linéaires / surfaciques liés aux servitudes de la catégorie CAT"
6d87ee730b803c42fabc8818c62a4577,4edb459e86909278aba4c2af6c942b42,b051728d2aae83997f127a9ed540f211,Int1_ASSIETTE_SUP_S,"Table contenant les assiettes ponctuels / linéaires / surfaciques liés aux servitudes de la catégorie CAT"
48061957cf85c558a3391d6ef42a43a1,5146126394baf20af78d61bf8c20abf9,b26fdb8c7cec6f442d3b06f7cf7fe33e,T8_GENERATEUR_SUP_S,"Table contenant les générateurs ponctuels / linéaires / surfaciques liés aux servitudes de la catégorie CAT"
997d82c489b8052ec31e7832f69102ac,4edb459e86909278aba4c2af6c942b42,b26fdb8c7cec6f442d3b06f7cf7fe33e,T8_ASSIETTE_SUP_S,"Table contenant les assiettes ponctuels / linéaires / surfaciques liés aux servitudes de la catégorie CAT"
a1a639c798bd112a31f192a72c053c32,5146126394baf20af78d61bf8c20abf9,b26fdb8c7cec6f442d3b06f7cf7fe33e,T8_GENERATEUR_SUP_P,"Table contenant les générateurs ponctuels / linéaires / surfaciques liés aux servitudes de la catégorie CAT"
fb091952c3e32f716fbee28184a6793c,5146126394baf20af78d61bf8c20abf9,b26fdb8c7cec6f442d3b06f7cf7fe33e,T8_GENERATEUR_SUP_L,"Table contenant les générateurs ponctuels / linéaires / surfaciques liés aux servitudes de la catégorie CAT"
2abfebf252cbc182862bf85065fb6e31,5146126394baf20af78d61bf8c20abf9,b47179a9b46721626eabcaebfdc78116,A2_GENERATEUR_SUP_L,"Table contenant les générateurs ponctuels / linéaires / surfaciques liés aux servitudes de la catégorie CAT"
df9615d6d63477885fc1da006987c444,4edb459e86909278aba4c2af6c942b42,b47179a9b46721626eabcaebfdc78116,A2_ASSIETTE_SUP_L,"Table contenant les assiettes ponctuels / linéaires / surfaciques liés aux servitudes de la catégorie CAT"
4d0471991e2bc5a25693b6593fb9b177,5146126394baf20af78d61bf8c20abf9,b4f440f9edde5f5a40bb2f7bae4a5adf,I5_GENERATEUR_SUP_L,"Table contenant les générateurs ponctuels / linéaires / surfaciques liés aux servitudes de la catégorie CAT"
567ce41e46d7773968b2d3106ec14460,4edb459e86909278aba4c2af6c942b42,b4f440f9edde5f5a40bb2f7bae4a5adf,I5_ASSIETTE_SUP_S,"Table contenant les assiettes ponctuels / linéaires / surfaciques liés aux servitudes de la catégorie CAT"
1314efbecbcf4ba12ec0069454dfb756,4edb459e86909278aba4c2af6c942b42,b50e9004642b9a565c9e7d832dc974a2,PM3_ASSIETTE_SUP_S,"Table contenant les assiettes ponctuels / linéaires / surfaciques liés aux servitudes de la catégorie CAT"
fe9da1ca76a78e438901ab9ce5a2f96d,5146126394baf20af78d61bf8c20abf9,b50e9004642b9a565c9e7d832dc974a2,PM3_GENERATEUR_SUP_S,"Table contenant les générateurs ponctuels / linéaires / surfaciques liés aux servitudes de la catégorie CAT"
194d3fc7285ef8e84b102616f20686a2,5146126394baf20af78d61bf8c20abf9,b543e34855ac26dab402c82df591073e,AR3_GENERATEUR_SUP_S,"Table contenant les générateurs ponctuels / linéaires / surfaciques liés aux servitudes de la catégorie CAT"
2f355e5e34958818e393feda99090493,5146126394baf20af78d61bf8c20abf9,b543e34855ac26dab402c82df591073e,AR3_GENERATEUR_SUP_P,"Table contenant les générateurs ponctuels / linéaires / surfaciques liés aux servitudes de la catégorie CAT"
cfebd6af7e4b5c4ad3633cf95472f15a,4edb459e86909278aba4c2af6c942b42,b543e34855ac26dab402c82df591073e,AR3_ASSIETTE_SUP_S,"Table contenant les assiettes ponctuels / linéaires / surfaciques liés aux servitudes de la catégorie CAT"
103cb4163b84f16a51144ec382989467,,b5797dc899ea354cf5323667cffec332,DOC_URBA_COM,"Table contenant la liste des documents d'Urbanisme PLU ou POS dont la numérisation ou l'élaboration sous fourme numérique est engagée"
1f28477f490c9bb34eb229156816d536,,b5797dc899ea354cf5323667cffec332,DOC_URBA,"Table contenant la liste des documents d'Urbanisme PLU ou POS dont la numérisation ou l'élaboration sous fourme numérique est engagée"
36597297a90dbc885178714f8e64f4ba,,b5797dc899ea354cf5323667cffec332,HABILLAGE_PCT,"Table des tracés ponctuels indicatifs figurant sur le plan du document d'urbanisme à des fins d'ha"
479843b675ff97a1b3c15d5c261bfa58,,b5797dc899ea354cf5323667cffec332,PRESCRIPTION_PCT,"Table contenant les prescriptions ponctuelles se superposant au document d'urbanisme et le lien avec le texte qui la décrit"
6db9d4021363fb98467e3ab42c50a3f4,,b5797dc899ea354cf5323667cffec332,ZONE_URBA,"Table contenant les zones d'un document PLU ou POS"
7ca580cc3153db00e4053f8b638b68a3,,b5797dc899ea354cf5323667cffec332,INFO_LIN,"Table contenant les informations linéaires à reporter à titre d'information"
879cec21d7e0f73829b65e6e02b941d5,,b5797dc899ea354cf5323667cffec332,PRESCRIPTION_LIN,"Table contenant les prescriptions linéaires se superposant au document d'urbanisme et le lien avec le texte qui la décrit"
b93b5dc245a7e73fa9f612fc162a098e,,b5797dc899ea354cf5323667cffec332,INFO_PCT,"Table contenant les informations ponctuelle à reporter à titre d'information"
cb58a172cbc52db14c72c95fde683952,,b5797dc899ea354cf5323667cffec332,HABILLAGE_SURF,"Table des tracés surfaciques indicatifs figurant sur le plan du document d'urbanisme à des fins d'ha"
df62c34cc799946ef5b058ab1e0cd76a,,b5797dc899ea354cf5323667cffec332,PRESCRIPTION_SURF,"Table contenant les prescriptions surfaciques se superposant au document d'urbanisme et le lien avec le texte qui la décrit"
e0e9a09698ae2bc3dd68d669849cd6ac,,b5797dc899ea354cf5323667cffec332,INFO_SURF,INFO_SURF
e971cf64c9c50dc91c4658db8f665d99,,b5797dc899ea354cf5323667cffec332,HABILLAGE_TXT,"Table des objets textuels (étiquettes) figurant sur le plan du document d'urbanisme à des fins d'ha"
ea23e38621e8d28fbe0bf509478c1194,,b5797dc899ea354cf5323667cffec332,HABILLAGE_LIN,"Table des tracés linéaires indicatifs figurant sur le plan du document d'urbanisme à des fins d'ha"
33b3ea00b4e54bba79e7ebf9512a2ced,5146126394baf20af78d61bf8c20abf9,b9360879175654424b5057171226954f,AC1_GENERATEUR_SUP_S,"Table contenant les générateurs ponctuels / linéaires / surfaciques liés aux servitudes de la catégorie CAT"
c4bbcd5fffdc675a79bc8ee6f8e6d100,5146126394baf20af78d61bf8c20abf9,b9360879175654424b5057171226954f,AC1_GENERATEUR_SUP_L,"Table contenant les générateurs ponctuels / linéaires / surfaciques liés aux servitudes de la catégorie CAT"
e14c6d887b0e10f09453d25aa66af5f2,4edb459e86909278aba4c2af6c942b42,b9360879175654424b5057171226954f,AC1_ASSIETTE_SUP_S,"Table contenant les assiettes ponctuels / linéaires / surfaciques liés aux servitudes de la catégorie CAT"
f890900ff8787f067c3a7f975f4d5cef,5146126394baf20af78d61bf8c20abf9,b9360879175654424b5057171226954f,AC1_GENERATEUR_SUP_P,"Table contenant les générateurs ponctuels / linéaires / surfaciques liés aux servitudes de la catégorie CAT"
d54c50849ef259176b3ca4166e8fb74b,4edb459e86909278aba4c2af6c942b42,bc612ef2bd2bb8b1e420fdc6d83de1d3,I4_ASSIETTE_SUP_L,"Table contenant les assiettes ponctuels / linéaires / surfaciques liés aux servitudes de la catégorie CAT"
e63414b16451514769db2a4710cf6dc9,5146126394baf20af78d61bf8c20abf9,bc612ef2bd2bb8b1e420fdc6d83de1d3,I4_GENERATEUR_SUP_L,"Table contenant les générateurs ponctuels / linéaires / surfaciques liés aux servitudes de la catégorie CAT"
0d83a98ec563b5ff265a291951a8670d,,c34c44a06f5aee7bdd7dad9a50e9f01e,HABILLAGE_PCT,"Table des tracés ponctuels indicatifs figurant sur le plan du document d'urbanisme à des fins d'habillage"
179a88cd9714231d2e6c4a12d6115290,,c34c44a06f5aee7bdd7dad9a50e9f01e,HABILLAGE_TXT,"Table des objets textuels (étiquettes) figurant sur le plan du document d'urbanisme à des fins d'habillage"
35a3679e7af27e7317340e0c9b9a6dd1,,c34c44a06f5aee7bdd7dad9a50e9f01e,INFO_PCT,"Table contenant les informations ponctuelles à reporter à titre  d'information"
737762203a0bc2d6371c23d577491fea,,c34c44a06f5aee7bdd7dad9a50e9f01e,INFO_SURF,"Table contenant les périmètres à reporter à titre d'information"
b5dee7459709be4f059c505e416cf2b6,,c34c44a06f5aee7bdd7dad9a50e9f01e,SECTEUR_CC,"Table contenant les secteurs de la carte communale"
bd3f53e6fca310a5283cec0c1580e3f8,,c34c44a06f5aee7bdd7dad9a50e9f01e,HABILLAGE_SURF,"Table des tracés surfaciques indicatifs figurant sur le plan du document d'urbanisme à des fins d'habillage"
bfaffb450bef6697d119e6bf04c86e37,,c34c44a06f5aee7bdd7dad9a50e9f01e,DOC_URBA_COM,"Table contenant la liste des documents d'Urbanisme PLU ou POS dont la numérisation ou l'élaboration sous fourme numérique est engagée"
c574d390f93dc8f0ff0ec0496dc995cc,,c34c44a06f5aee7bdd7dad9a50e9f01e,DOC_URBA,"Table contenant la liste des documents d'Urbanisme PLU ou POS dont la numérisation ou l'élaboration sous fourme numérique est engagée"
d49f361be49d406e507c420663b159f4,,c34c44a06f5aee7bdd7dad9a50e9f01e,INFO_LIN,"Table contenant les informations linéaires à reporter à titre d'information"
f4026609ee618f769e2461930e3bbc79,,c34c44a06f5aee7bdd7dad9a50e9f01e,HABILLAGE_LIN,"Table des tracés linéaires indicatifs figurant sur le plan du document d'urbanisme à des fins d'habillage"
da64b3d92e07454bc56f70643f79e0bd,5146126394baf20af78d61bf8c20abf9,c602dd86525de9692d5ee781d6b47148,AR1_GENERATEUR_SUP_P,"Table contenant les générateurs ponctuels / linéaires / surfaciques liés aux servitudes de la catégorie CAT"
ee0a8e73c93f9537197372baf9946d6c,4edb459e86909278aba4c2af6c942b42,c602dd86525de9692d5ee781d6b47148,AR1_ASSIETTE_SUP_S,"Table contenant les assiettes ponctuels / linéaires / surfaciques liés aux servitudes de la catégorie CAT"
52dcd7600836db49955a4b55a827897f,4edb459e86909278aba4c2af6c942b42,d9569f61207ade2a31827479f7e17758,EL12_ASSIETTE_SUP_S,"Table contenant les assiettes ponctuels / linéaires / surfaciques liés aux servitudes de la catégorie CAT"
d55dcedbf952e80344de23105a9eeacb,5146126394baf20af78d61bf8c20abf9,d9569f61207ade2a31827479f7e17758,EL12_GENERATEUR_SUP_S,"Table contenant les générateurs ponctuels / linéaires / surfaciques liés aux servitudes de la catégorie CAT"
1354d0b3da52dac25c9e66792d0ac0d1,5146126394baf20af78d61bf8c20abf9,e6c3f11c13d0aaf5edad924cd59042e7,EL4_GENERATEUR_SUP_S,"Table contenant les générateurs ponctuels / linéaires / surfaciques liés aux servitudes de la catégorie CAT"
eebe8a7d99abda3f75dedc7aa3f7b0fb,4edb459e86909278aba4c2af6c942b42,e6c3f11c13d0aaf5edad924cd59042e7,EL4_ASSIETTE_SUP_S,"Table contenant les assiettes ponctuels / linéaires / surfaciques liés aux servitudes de la catégorie CAT"
b4176f048cf4e01101d10673ce20a1b1,4edb459e86909278aba4c2af6c942b42,e8e42106aabae921b4cac3610b09c188,I9_ASSIETTE_SUP_S,"Table contenant les assiettes ponctuels / linéaires / surfaciques liés aux servitudes de la catégorie CAT"
d85e8842ca896768e79a982e687c6f3d,5146126394baf20af78d61bf8c20abf9,e8e42106aabae921b4cac3610b09c188,I9_GENERATEUR_SUP_L,"Table contenant les générateurs ponctuels / linéaires / surfaciques liés aux servitudes de la catégorie CAT"
1e8a1c29c5c58f0dca7e2574a0f1001e,4edb459e86909278aba4c2af6c942b42,e9fb0f3e027ac23046b9435e94a5048f,T1_ASSIETTE_SUP_S,"Table contenant les assiettes ponctuels / linéaires / surfaciques liés aux servitudes de la catégorie CAT"
8cc7e749c1bfa2131ed44fc5f9d68261,5146126394baf20af78d61bf8c20abf9,e9fb0f3e027ac23046b9435e94a5048f,T1_GENERATEUR_SUP_L,"Table contenant les générateurs ponctuels / linéaires / surfaciques liés aux servitudes de la catégorie CAT"
e212f88bc7ac2edbbabba5af6a3cdd7a,5146126394baf20af78d61bf8c20abf9,e9fb0f3e027ac23046b9435e94a5048f,T1_GENERATEUR_SUP_S,"Table contenant les générateurs ponctuels / linéaires / surfaciques liés aux servitudes de la catégorie CAT"
74456f0a0fc65ca8ec194c3c620ecd4c,5146126394baf20af78d61bf8c20abf9,ea8f95d8e6ef9d108204b44a82b22de0,AS1_GENERATEUR_SUP_S,"Table contenant les générateurs ponctuels / linéaires / surfaciques liés aux servitudes de la catégorie CAT"
889904c687c40cbde62b86ac4e1d6c01,4edb459e86909278aba4c2af6c942b42,ea8f95d8e6ef9d108204b44a82b22de0,AS1_ASSIETTE_SUP_S,"Table contenant les assiettes ponctuels / linéaires / surfaciques liés aux servitudes de la catégorie CAT"
88a09d2cb2deb86c8d57179506f78fdd,5146126394baf20af78d61bf8c20abf9,ea8f95d8e6ef9d108204b44a82b22de0,AS1_GENERATEUR_SUP_P,"Table contenant les générateurs ponctuels / linéaires / surfaciques liés aux servitudes de la catégorie CAT"
38ca707f44376b8afb069dc866110bbe,,f7526b9ec3392244397b5278a68bd7e6,SERVITUDE_ACTE_SUP,"Table exprimant la relation entre les servitudes et les actes instituant ces servitudes"
4edb459e86909278aba4c2af6c942b42,,f7526b9ec3392244397b5278a68bd7e6,XXX_ASSIETTE_SUP,"Table contenant les assiettes ponctuels / linéaires / surfaciques liés aux servitudes de la catégorie CAT"
5146126394baf20af78d61bf8c20abf9,,f7526b9ec3392244397b5278a68bd7e6,XXX_GENERATEUR_SUP,"Table contenant les générateurs ponctuels / linéaires / surfaciques liés aux servitudes de la catégorie CAT"
8bacabfa1aa091b1acb7aa8a02de4885,,f7526b9ec3392244397b5278a68bd7e6,ACTE_SUP,"Table contenant la liste des actes instituant une servitude d'utilité publique"
8f571ed925c3b46df46e54600416a202,,f7526b9ec3392244397b5278a68bd7e6,GESTIONNAIRE_SUP,"Table contenant la liste des gestionnaires de servitude d'utilité publique"
aa1a5447b1c501c77f343efd00737323,,f7526b9ec3392244397b5278a68bd7e6,SERVITUDE,"Table contenant la liste des servitudes d'utilité publique"
7590b8eb918f77bfee601afc4556bde7,4edb459e86909278aba4c2af6c942b42,f90fbc1ffe6c5b81223dce3581ae9bc0,PM4_ASSIETTE_SUP_S,"Table contenant les assiettes ponctuels / linéaires / surfaciques liés aux servitudes de la catégorie CAT"
e3374eabf559f2970230165c014e7367,5146126394baf20af78d61bf8c20abf9,f90fbc1ffe6c5b81223dce3581ae9bc0,PM4_GENERATEUR_SUP_S,"Table contenant les générateurs ponctuels / linéaires / surfaciques liés aux servitudes de la catégorie CAT"
