id,document_model_id,type,name,description,path,mandatory
a1589612bc81e5483e25d377bba33c7a,028e0395908a4e4512cdda472e2978a8,table,Js1_ASSIETTE_SUP_S,,Donnees_geographiques/Js1_ASSIETTE_SUP_S(_[a-zA-Z0-9]*)?,OPTIONAL
b1aa9e151a438cd6f9030b4000b994be,028e0395908a4e4512cdda472e2978a8,table,Js1_GENERATEUR_SUP_S,,Donnees_geographiques/Js1_GENERATEUR_SUP_S(_[a-zA-Z0-9]*)?,OPTIONAL
08e95c97ee3ddeafd4965ec6aa01e0b9,0848d5fe9ed44479476fb2c2fcbe89b0,table,PRESCRIPTION_LIN,,Donnees_geographiques/PRESCRIPTION_LIN(_[0-9]{5})?(_(02A|02B|[0-9]{3}))?,OPTIONAL
0bfe28f75f2b7dacec44fd77d941e5ad,0848d5fe9ed44479476fb2c2fcbe89b0,directory,Pieces_ecrites,,Pieces_ecrites,ERROR
13fa9ed73b8a7b264b16f9691938ea6a,0848d5fe9ed44479476fb2c2fcbe89b0,pdf,PADD,,Pieces_ecrites/2_PADD/(2A|2B|[0-9]{2})[0-9]{3}_(PADD|padd)_[0-9]{8},OPTIONAL
1d5a59586caabf2764d3e0533590d436,0848d5fe9ed44479476fb2c2fcbe89b0,directory,Donnees_geographiques,,Donnees_geographiques,ERROR
1ff1896661c61eb48f58523afca4ccce,0848d5fe9ed44479476fb2c2fcbe89b0,pdf,INFORMATION,,Pieces_ecrites/4_Annexes/(2A|2B|[0-9]{2})[0-9]{3}_info_(pct|lin|surf)_[0-9]*_[0-9]{8},OPTIONAL
2b56a6ed6d5f6c89eba35cbe5a543e19,0848d5fe9ed44479476fb2c2fcbe89b0,directory,1_Rapport_de_presentation,,Pieces_ecrites/1_Rapport_de_presentation,OPTIONAL
2d85436417112d295facc085d118ef7b,0848d5fe9ed44479476fb2c2fcbe89b0,pdf,RAPPORT,,Pieces_ecrites/1_Rapport_de_presentation/(2A|2B|[0-9]{2})[0-9]{3}_rapport_[0-9]{8},OPTIONAL
369f98daad1ea1009c21b1c520a9e082,0848d5fe9ed44479476fb2c2fcbe89b0,pdf,ORIENTATIONS_AMENAGEMENT,,Pieces_ecrites/5_Orientations_amenagement/(2A|2B|[0-9]{2})[0-9]{3}_orientations_amenagement(_[0-9]*)?_[0-9]{8},OPTIONAL
3a3fcbeb83ecfdef5b2b9edcddd00f15,0848d5fe9ed44479476fb2c2fcbe89b0,table,ZONE_URBA,,Donnees_geographiques/ZONE_URBA(_[0-9]{5})?(_(02A|02B|[0-9]{3}))?,ERROR
4adb4a7de404353787e6e476fa45e3bc,0848d5fe9ed44479476fb2c2fcbe89b0,table,PRESCRIPTION_PCT,,Donnees_geographiques/PRESCRIPTION_PCT(_[0-9]{5})?(_(02A|02B|[0-9]{3}))?,OPTIONAL
566a8bd709ec8c2e0f98ed86afb7b1dc,0848d5fe9ed44479476fb2c2fcbe89b0,pdf,PROCEDURE,,Pieces_ecrites/0_Procedure/(2A|2B|[0-9]{2})[0-9]{3}_procedure_[0-9]{8},OPTIONAL
5ba0154bf6092df4190a003bf76b1ea8,0848d5fe9ed44479476fb2c2fcbe89b0,table,PRESCRIPTION_SURF,,Donnees_geographiques/PRESCRIPTION_SURF(_[0-9]{5})?(_(02A|02B|[0-9]{3}))?,OPTIONAL
8253523748616448b3de26540fede09f,0848d5fe9ed44479476fb2c2fcbe89b0,table,DOC_URBA,,DOC(UMENT)?_URBA(_(02A|02B|[0-9]{3}))?,WARN
8b2edb0f56059e9497fddd5130c4c326,0848d5fe9ed44479476fb2c2fcbe89b0,directory,0_Procedure,,Pieces_ecrites/0_Procedure,OPTIONAL
91e1a4b9a97a771350e5ad02b744dc50,0848d5fe9ed44479476fb2c2fcbe89b0,directory,5_Orientations_amenagement,,Pieces_ecrites/5_Orientations_amenagement,OPTIONAL
92f39870a90d080bfa52f8aebae06a03,0848d5fe9ed44479476fb2c2fcbe89b0,directory,4_Annexes,,Pieces_ecrites/4_Annexes,OPTIONAL
94808c871118a75caa584054484c55eb,0848d5fe9ed44479476fb2c2fcbe89b0,table,DOC_URBA_COM,,DOC(UMENT)?_URBA_COM(_(02A|02B|[0-9]{3}))?,WARN
9a5e3cee69b56885859bbb1466f78687,0848d5fe9ed44479476fb2c2fcbe89b0,table,INFO_SURF,,Donnees_geographiques/INFO_SURF(_[0-9]{5})?(_(02A|02B|[0-9]{3}))?,OPTIONAL
9c050832e4ba7f754743debf7ebf7255,0848d5fe9ed44479476fb2c2fcbe89b0,table,INFO_LIN,,Donnees_geographiques/INFO_LIN(_[0-9]{5})?(_(02A|02B|[0-9]{3}))?,OPTIONAL
ac3b3e367fe47bcca2aeceb006fe93c4,0848d5fe9ed44479476fb2c2fcbe89b0,table,INFO_PCT,,Donnees_geographiques/INFO_PCT(_[0-9]{5})?(_(02A|02B|[0-9]{3}))?,OPTIONAL
ba53ac51bc9dbb101fc549dd81822a46,0848d5fe9ed44479476fb2c2fcbe89b0,pdf,PRESCRIPTION,,Pieces_ecrites/4_Annexes/(2A|2B|[0-9]{2})[0-9]{3}_prescription_(pct|lin|surf)_[0-9]*_[0-9]{8},OPTIONAL
d20d599707de5295b4d45e04d16842e8,0848d5fe9ed44479476fb2c2fcbe89b0,pdf,ANNEXE,,Pieces_ecrites/4_Annexes/[^\\ ]*,OPTIONAL
d2fe970beba48cd28c822f5633000023,0848d5fe9ed44479476fb2c2fcbe89b0,table,HABILLAGE_TXT,,Donnees_geographiques/HABILLAGE_TXT(_[0-9]{5})?(_(02A|02B|[0-9]{3}))?,OPTIONAL
d8a48424d7712b355d6498caf8b17a19,0848d5fe9ed44479476fb2c2fcbe89b0,pdf,REGLEMENT,,Pieces_ecrites/3_Reglement/(2A|2B|[0-9]{2})[0-9]{3}_reglement_[0-9]{8},ERROR
dffea2b34ff1f07adfc30dda17a98da8,0848d5fe9ed44479476fb2c2fcbe89b0,metadata,METADONNEES,,[^\\ ]*,ERROR
edb470c4699d76f7d3e7ab24d678bd40,0848d5fe9ed44479476fb2c2fcbe89b0,directory,2_PADD,,Pieces_ecrites/2_PADD,OPTIONAL
f54c3a20110b851b29dc6a1c357068d8,0848d5fe9ed44479476fb2c2fcbe89b0,directory,3_Reglement,,Pieces_ecrites/3_Reglement,ERROR
f7bd95930e0a2ab3881865e4d0a96841,0848d5fe9ed44479476fb2c2fcbe89b0,table,HABILLAGE_PCT,,Donnees_geographiques/HABILLAGE_PCT(_[0-9]{5})?(_(02A|02B|[0-9]{3}))?,OPTIONAL
f83e13cf1db7aff41d3dd7ea79e1f27e,0848d5fe9ed44479476fb2c2fcbe89b0,table,HABILLAGE_LIN,,Donnees_geographiques/HABILLAGE_LIN(_[0-9]{5})?(_(02A|02B|[0-9]{3}))?,OPTIONAL
f9cdf5384136d812bd5a1dab86773e0d,0848d5fe9ed44479476fb2c2fcbe89b0,table,HABILLAGE_SURF,,Donnees_geographiques/HABILLAGE_SURF(_[0-9]{5})?(_(02A|02B|[0-9]{3}))?,OPTIONAL
d03753958ded0749cc8c45e97ed844dc,0bc03865234373d67fba05047cef4748,table,T5_ASSIETTE_SUP_S,,Donnees_geographiques/T5_ASSIETTE_SUP_S(_[a-zA-Z0-9]*)?,OPTIONAL
f21ef1fe1dc9b46e1ce2e9f07d527d5b,0bc03865234373d67fba05047cef4748,table,T5_GENERATEUR_SUP_S,,Donnees_geographiques/T5_GENERATEUR_SUP_S(_[a-zA-Z0-9]*)?,OPTIONAL
3c6d67360258c573d822f64ef21cd59f,0c205df3ddf16921cd1e23cc454a77a2,table,AC2_GENERATEUR_SUP_S,,Donnees_geographiques/AC2_GENERATEUR_SUP_S(_[a-zA-Z0-9]*)?,OPTIONAL
8d291ad83f0ba1efca570e7be0ff63c8,0c205df3ddf16921cd1e23cc454a77a2,table,AC2_GENERATEUR_SUP_P,,Donnees_geographiques/AC2_GENERATEUR_SUP_P(_[a-zA-Z0-9]*)?,OPTIONAL
9ec5033308e529d7622aaa6646136e4a,0c205df3ddf16921cd1e23cc454a77a2,table,AC2_ASSIETTE_SUP_S,,Donnees_geographiques/AC2_ASSIETTE_SUP_S(_[a-zA-Z0-9]*)?,OPTIONAL
fe6aa78d9dcc57bab73cefeeea8c65d0,0c205df3ddf16921cd1e23cc454a77a2,table,AC2_ASSIETTE_SUP_P,,Donnees_geographiques/AC2_ASSIETTE_SUP_P(_[a-zA-Z0-9]*)?,OPTIONAL
8c455f1ff0e4c08ca742d372a224ba51,106b0bd732b49c6e652c74632de6f8fd,table,AR6_GENERATEUR_SUP_S,,Donnees_geographiques/AR6_GENERATEUR_SUP_S(_[a-zA-Z0-9]*)?,OPTIONAL
ddb7760201581c22169f0aac921eb16e,106b0bd732b49c6e652c74632de6f8fd,table,AR6_ASSIETTE_SUP_S,,Donnees_geographiques/AR6_ASSIETTE_SUP_S(_[a-zA-Z0-9]*)?,OPTIONAL
67e695d5aa8bfac157d7632435a62cfb,163fab7c651631b7f4441afee9c00d22,table,PM1bis_ASSIETTE_SUP_S,,Donnees_geographiques/PM1bis_ASSIETTE_SUP_S(_[a-zA-Z0-9]*)?,OPTIONAL
d07068f143f3a9766ac257a5470f82f9,163fab7c651631b7f4441afee9c00d22,table,PM1bis_GENERATEUR_SUP_S,,Donnees_geographiques/PM1bis_GENERATEUR_SUP_S(_[a-zA-Z0-9]*)?,OPTIONAL
52674e3a058f831fa1814c4d85ba3e56,1d2bba87a5a60e2e3f8d5bf434b2ec64,table,I1bis_GENERATEUR_SUP_L,,Donnees_geographiques/I1bis_GENERATEUR_SUP_L(_[a-zA-Z0-9]*)?,OPTIONAL
c5f6c8154a61907ca2d280eed60e7fb5,1d2bba87a5a60e2e3f8d5bf434b2ec64,table,I1bis_ASSIETTE_SUP_S,,Donnees_geographiques/I1bis_ASSIETTE_SUP_S(_[a-zA-Z0-9]*)?,OPTIONAL
660b118ef7fe46013dc5f85fbf838574,1d2eb5e8eab9575cc2c35fe195c2135e,table,EL6_GENERATEUR_SUP_L,,Donnees_geographiques/EL6_GENERATEUR_SUP_L(_[a-zA-Z0-9]*)?,OPTIONAL
f114213f2788d56c648de269a856be45,1d2eb5e8eab9575cc2c35fe195c2135e,table,EL6_ASSIETTE_SUP_S,,Donnees_geographiques/EL6_ASSIETTE_SUP_S(_[a-zA-Z0-9]*)?,OPTIONAL
03f2ef5ae6b81a29d0ced549d421cb22,2246779acd20372ca7336f6c826b2ac9,table,AR4_GENERATEUR_SUP_S,,Donnees_geographiques/AR4_GENERATEUR_SUP_S(_[a-zA-Z0-9]*)?,OPTIONAL
c09dbc9e6c61531aa2ab83bfa9eb1cfa,2246779acd20372ca7336f6c826b2ac9,table,AR4_ASSIETTE_SUP_S,,Donnees_geographiques/AR4_ASSIETTE_SUP_S(_[a-zA-Z0-9]*)?,OPTIONAL
6ee70571622ea7e756b7d3cc176c92d7,22a6eff49031cbbcfa2e42dd113dad0f,table,I6_GENERATEUR_SUP_S,,Donnees_geographiques/I6_GENERATEUR_SUP_S(_[a-zA-Z0-9]*)?,OPTIONAL
b0e1268c3d4eae8e73787bad7563fc65,22a6eff49031cbbcfa2e42dd113dad0f,table,I6_ASSIETTE_SUP_S,,Donnees_geographiques/I6_ASSIETTE_SUP_S(_[a-zA-Z0-9]*)?,OPTIONAL
967b9d9d98a825c08ab5e8ab33418066,22ab95518f87353c66df3eb16f0ad558,table,EL3_GENERATEUR_SUP_L,,Donnees_geographiques/EL3_GENERATEUR_SUP_L(_[a-zA-Z0-9]*)?,OPTIONAL
caa50d0c4581d8eb9855f787ab431841,22ab95518f87353c66df3eb16f0ad558,table,EL3_ASSIETTE_SUP_S,,Donnees_geographiques/EL3_ASSIETTE_SUP_S(_[a-zA-Z0-9]*)?,OPTIONAL
4637769a23f0d39b765751f069148a0f,281564236e7995382db2d20882897866,table,T7_GENERATEUR_SUP_P,,Donnees_geographiques/T7_GENERATEUR_SUP_P(_[a-zA-Z0-9]*)?,OPTIONAL
bb56c23aeff5419f2a5856ba7f1af7a0,281564236e7995382db2d20882897866,table,T7_ASSIETTE_SUP_P,,Donnees_geographiques/T7_ASSIETTE_SUP_P(_[a-zA-Z0-9]*)?,OPTIONAL
5a5b7fa213cccf4fa0da33da9e82fac4,29a976c20b8c6a712fa1847040958e28,table,PM2_ASSIETTE_SUP_S,,Donnees_geographiques/PM2_ASSIETTE_SUP_S(_[a-zA-Z0-9]*)?,OPTIONAL
8a2bd2a33f7a039e70a03bf5bb568e9c,29a976c20b8c6a712fa1847040958e28,table,PM2_GENERATEUR_SUP_P,,Donnees_geographiques/PM2_GENERATEUR_SUP_P(_[a-zA-Z0-9]*)?,OPTIONAL
f7f10126797b4bd408000c9e4a637230,29a976c20b8c6a712fa1847040958e28,table,PM2_GENERATEUR_SUP_S,,Donnees_geographiques/PM2_GENERATEUR_SUP_S(_[a-zA-Z0-9]*)?,OPTIONAL
2cd4fe135209030486ea4781239e0c47,2d5341e863c3c404e6ab4080a4e27f72,table,A3_ASSIETTE_SUP_S,,Donnees_geographiques/A3_ASSIETTE_SUP_S(_[a-zA-Z0-9]*)?,OPTIONAL
4468888d08a0eaa890fc34fc9beb93fc,2d5341e863c3c404e6ab4080a4e27f72,table,A3_GENERATEUR_SUP_L,,Donnees_geographiques/A3_GENERATEUR_SUP_L(_[a-zA-Z0-9]*)?,OPTIONAL
565f9698ab7e9828f459f3863e06d12b,2df65e53c79ba0bc51896b742b529438,table,I7_GENERATEUR_SUP_S,,Donnees_geographiques/I7_GENERATEUR_SUP_S(_[a-zA-Z0-9]*)?,OPTIONAL
7b815e9ba1ae518b98d03dae8430a62d,2df65e53c79ba0bc51896b742b529438,table,I7_ASSIETTE_SUP_S,,Donnees_geographiques/I7_ASSIETTE_SUP_S(_[a-zA-Z0-9]*)?,OPTIONAL
0f1dc478cf274143a99bb11acdbd43b7,2ed3fb41fa8a47f192ba2711fd0071f6,table,A6_ASSIETTE_SUP_S,,Donnees_geographiques/A6_ASSIETTE_SUP_S(_[a-zA-Z0-9]*)?,OPTIONAL
6f9ad59fce6881d8f82198db70f553bd,2ed3fb41fa8a47f192ba2711fd0071f6,table,A6_GENERATEUR_SUP_S,,Donnees_geographiques/A6_GENERATEUR_SUP_S(_[a-zA-Z0-9]*)?,OPTIONAL
30425d1c0f5898c4db34ba627e5b2ad3,2f3af2557216c7912d3d967c9b803c92,table,T3_ASSIETTE_SUP_S,,Donnees_geographiques/T3_ASSIETTE_SUP_S(_[a-zA-Z0-9]*)?,OPTIONAL
554b44a5612b26183f1840a83eb1568d,2f3af2557216c7912d3d967c9b803c92,table,T3_GENERATEUR_SUP_L,,Donnees_geographiques/T3_GENERATEUR_SUP_L(_[a-zA-Z0-9]*)?,OPTIONAL
02a4e996ada4820387c9f7dae3d5583f,39c84789b97ac1944ff285abf3c1354c,directory,Donnees_geographiques,,Donnees_geographiques,ERROR
0b4c9f813544f8381347508cb3fbd11c,39c84789b97ac1944ff285abf3c1354c,directory,Rapport_de_presentation,,Pieces_ecrites/Rapport_de_presentation,OPTIONAL
345c7db79b41a27e5c66d6750d1d96c4,39c84789b97ac1944ff285abf3c1354c,pdf,RAPPORT,,Pieces_ecrites/Rapport_de_presentation/(2A|2B|[0-9]{2})[0-9]{3}_rapport_[0-9]{8},OPTIONAL
3ddd67f78ef7d53cd7835fb1906ec650,39c84789b97ac1944ff285abf3c1354c,table,INFO_LIN,,Donnees_geographiques/INFO_LIN(_[0-9]{5})?(_(02A|02B|[0-9]{3}))?,OPTIONAL
475291bc8e567f32df017ea8ca75eff1,39c84789b97ac1944ff285abf3c1354c,table,HABILLAGE_TXT,,Donnees_geographiques/HABILLAGE_TXT(_[0-9]{5})?(_(02A|02B|[0-9]{3}))?,OPTIONAL
4f79a5712f568596b1ec4cf5eb8d4455,39c84789b97ac1944ff285abf3c1354c,table,INFO_SURF,,Donnees_geographiques/INFO_SURF(_[0-9]{5})?(_(02A|02B|[0-9]{3}))?,OPTIONAL
5758fa2185331d8be69bea806fcb08c1,39c84789b97ac1944ff285abf3c1354c,table,DOC_URBA_COM,,DOC(UMENT)?_URBA_COM(_(02A|02B|[0-9]{3}))?,WARN
57e862609550b5530a9fb37657e8ec10,39c84789b97ac1944ff285abf3c1354c,directory,Pieces_ecrites,,Pieces_ecrites,ERROR
60cd9830b31d33e96741bf2767f3fda7,39c84789b97ac1944ff285abf3c1354c,pdf,ANNEXE,,Pieces_ecrites/Annexes/[^\\ ]*,OPTIONAL
67cde7e9f839938a4dc3ec8875f09105,39c84789b97ac1944ff285abf3c1354c,table,HABILLAGE_LIN,,Donnees_geographiques/HABILLAGE_LIN(_[0-9]{5})?(_(02A|02B|[0-9]{3}))?,OPTIONAL
6868b3d8251f332bd0fd9126768c58db,39c84789b97ac1944ff285abf3c1354c,table,HABILLAGE_SURF,,Donnees_geographiques/HABILLAGE_SURF(_[0-9]{5})?(_(02A|02B|[0-9]{3}))?,OPTIONAL
6f8f27f965019c8ee5d71a8ed074ef5d,39c84789b97ac1944ff285abf3c1354c,table,HABILLAGE_PCT,,Donnees_geographiques/HABILLAGE_PCT(_[0-9]{5})?(_(02A|02B|[0-9]{3}))?,OPTIONAL
7ff1e2741debd578ea917d9e004be64e,39c84789b97ac1944ff285abf3c1354c,table,SECTEUR_CC,,Donnees_geographiques/SECTEUR_CC(_[0-9]{5})?(_(02A|02B|[0-9]{3}))?,OPTIONAL
9b931b59a7e214c80efa48e85b9694fa,39c84789b97ac1944ff285abf3c1354c,table,INFO_PCT,,Donnees_geographiques/INFO_PCT(_[0-9]{5})?(_(02A|02B|[0-9]{3}))?,OPTIONAL
de36a552f999c67134b6739a43fbec77,39c84789b97ac1944ff285abf3c1354c,directory,Annexes,,Pieces_ecrites/Annexes,OPTIONAL
f693b3713587bc63a4641353cfaf4fb5,39c84789b97ac1944ff285abf3c1354c,metadata,METADONNEES,,[^\\ ]*,ERROR
ff283bc914d33b728131e0ee8badb7c3,39c84789b97ac1944ff285abf3c1354c,table,DOC_URBA,,DOC(UMENT)?_URBA(_(02A|02B|[0-9]{3}))?,WARN
4d58bf774c459e00fc2bea50347a1b0e,3b7b230aca4ef150ffc3f22b7f281acb,table,I1_ASSIETTE_SUP_S,,Donnees_geographiques/I1_ASSIETTE_SUP_S(_[a-zA-Z0-9]*)?,OPTIONAL
4e06fade0d8deae5734780104dba1a8d,3b7b230aca4ef150ffc3f22b7f281acb,table,I1_GENERATEUR_SUP_L,,Donnees_geographiques/I1_GENERATEUR_SUP_L(_[a-zA-Z0-9]*)?,OPTIONAL
2b5b65b12a6be7a601f382577ad6ba3b,4329e35a04e87caa28f5614e6cf0409f,table,I3_GENERATEUR_SUP_L,,Donnees_geographiques/I3_GENERATEUR_SUP_L(_[a-zA-Z0-9]*)?,OPTIONAL
46d83ba0153e2a72fe5d09dd18cf23d1,4329e35a04e87caa28f5614e6cf0409f,table,I3_ASSIETTE_SUP_L,,Donnees_geographiques/I3_ASSIETTE_SUP_L(_[a-zA-Z0-9]*)?,OPTIONAL
95f87b08ba48dd78c22e43fb436c4aff,44d0899b8ab596d8792491899cbc938b,table,AR2_GENERATEUR_SUP_P,,Donnees_geographiques/AR2_GENERATEUR_SUP_P(_[a-zA-Z0-9]*)?,OPTIONAL
cf203c1557f6a291727220b253a6a52c,44d0899b8ab596d8792491899cbc938b,table,AR2_ASSIETTE_SUP_S,,Donnees_geographiques/AR2_ASSIETTE_SUP_S(_[a-zA-Z0-9]*)?,OPTIONAL
50903931572f56b7c7b108e0e0bd6305,4be3b85ff81f8012c05593a3cab25895,table,EL2_ASSIETTE_SUP_S,,Donnees_geographiques/EL2_ASSIETTE_SUP_S(_[a-zA-Z0-9]*)?,OPTIONAL
f9758fbaeecff520e034798f134cbe06,4be3b85ff81f8012c05593a3cab25895,table,EL2_GENERATEUR_SUP_S,,Donnees_geographiques/EL2_GENERATEUR_SUP_S(_[a-zA-Z0-9]*)?,OPTIONAL
127667fb479c8399fa98ba3058c7ca7a,4c93b1c3a1a1411ae34ff7ee5008841f,table,A8_ASSIETTE_SUP_S,,Donnees_geographiques/A8_ASSIETTE_SUP_S(_[a-zA-Z0-9]*)?,OPTIONAL
a4b0259e05e35ebe8d0a250c3f85a3dc,4c93b1c3a1a1411ae34ff7ee5008841f,table,A8_GENERATEUR_SUP_S,,Donnees_geographiques/A8_GENERATEUR_SUP_S(_[a-zA-Z0-9]*)?,OPTIONAL
132a3b5f6c01a44630acaa6e8c38b8d4,503854cf299a4df4a79588154d1f4f99,table,EL2bis_GENERATEUR_SUP_S,,Donnees_geographiques/EL2bis_GENERATEUR_SUP_S(_[a-zA-Z0-9]*)?,OPTIONAL
6119b71747e2c2971f822682dc7d8bcc,503854cf299a4df4a79588154d1f4f99,table,EL2bis_ASSIETTE_SUP_S,,Donnees_geographiques/EL2bis_ASSIETTE_SUP_S(_[a-zA-Z0-9]*)?,OPTIONAL
45597bb8f5e872e6d4cc585871021db3,58c20faa2c5b1c5a564aa7b6f1466a7f,table,A7_GENERATEUR_SUP_S,,Donnees_geographiques/A7_GENERATEUR_SUP_S(_[a-zA-Z0-9]*)?,OPTIONAL
afb0f0079bf986f2b059e32a1068dd6f,58c20faa2c5b1c5a564aa7b6f1466a7f,table,A7_ASSIETTE_SUP_S,,Donnees_geographiques/A7_ASSIETTE_SUP_S(_[a-zA-Z0-9]*)?,OPTIONAL
019fdd43c641aa9d28cbb3a76c17df09,602d607c66d4bb2de7215e007031f894,table,PRESCRIPTION_PCT,,Donnees_geographiques/PRESCRIPTION_PCT,OPTIONAL
0c1ddbdebc11e1ed9bb1736d7a375f32,602d607c66d4bb2de7215e007031f894,pdf,REGLEMENT_GRAPHIQUE,,Pieces_ecrites/3_Reglement/[0-9]{9}_reglement_graphique(_[0-9]*)?_[0-9]{8},OPTIONAL
0ec053758933e3259b615f22c104171a,602d607c66d4bb2de7215e007031f894,metadata,METADONNEES,,[^\\ ]*,ERROR
18a45ea31e53df5f931b8a4b078efa49,602d607c66d4bb2de7215e007031f894,pdf,PLH,,Pieces_ecrites/6_POA/[0-9]{9}_PLH(_[0-9]*)?_[0-9]{8},OPTIONAL
239b64044aa04c67b329bd86320ab3d7,602d607c66d4bb2de7215e007031f894,directory,4_Annexes,,Pieces_ecrites/4_Annexes,OPTIONAL
29c4bb0de2942a9fab9c69b37a317aed,602d607c66d4bb2de7215e007031f894,directory,Donnees_geographiques,,Donnees_geographiques,ERROR
2a740cf3b864c45f0d291065beedfa24,602d607c66d4bb2de7215e007031f894,table,INFO_LIN,,Donnees_geographiques/INFO(RMATION)?_LIN,OPTIONAL
31a62bcedc7f1964943d2e3afcb1335b,602d607c66d4bb2de7215e007031f894,table,INFO_PCT,,Donnees_geographiques/INFO(RMATION)?_PCT,OPTIONAL
37e6da3f51ce5b144210b7bc7836290d,602d607c66d4bb2de7215e007031f894,directory,Pieces_ecrites,,Pieces_ecrites,ERROR
3f8e5ae2912524f166eee43e1a8874b5,602d607c66d4bb2de7215e007031f894,directory,3_Reglement,,Pieces_ecrites/3_Reglement,ERROR
447b8a2e6086552c8698a86f8c97e250,602d607c66d4bb2de7215e007031f894,pdf,ORIENTATIONS_AMENAGEMENT,,Pieces_ecrites/5_Orientations_amenagement/[0-9]{9}_orientations_amenagement(_[0-9]*)?_[0-9]{8},OPTIONAL
5242dd678b7e8cbcce64e208e2a35cb3,602d607c66d4bb2de7215e007031f894,pdf,EVALUATION_ENVIRONNEMENTALE,,Pieces_ecrites/1_Rapport_de_presentation/[0-9]{9}_eval_environnement_[0-9]{8},OPTIONAL
596c930226399937d9a102dab6116a55,602d607c66d4bb2de7215e007031f894,table,INFO_SURF,,Donnees_geographiques/INFO(RMATION)?_SURF,OPTIONAL
5cd8987de59d766ca71e8d9cd18627b3,602d607c66d4bb2de7215e007031f894,table,DOC_URBA,,DOC_URBA,ERROR
5de1bd2ac889fe7a7cb1dbb17ea80fd8,602d607c66d4bb2de7215e007031f894,directory,1_Rapport_de_presentation,,Pieces_ecrites/1_Rapport_de_presentation,OPTIONAL
6da72d29e2035df5b627910f44302ed3,602d607c66d4bb2de7215e007031f894,pdf,RAPPORT,,Pieces_ecrites/1_Rapport_de_presentation/[0-9]{9}_rapport(_[0-9]*)?_[0-9]{8},OPTIONAL
7719ad6bc59bc629eea9e3cd151cc7b9,602d607c66d4bb2de7215e007031f894,pdf,PADD,,Pieces_ecrites/2_PADD/[0-9]{9}_(PADD|padd)(_[0-9]*)?_[0-9]{8},OPTIONAL
780b80b5dfae056d59d2dfb64b8ca8e4,602d607c66d4bb2de7215e007031f894,table,HABILLAGE_SURF,,Donnees_geographiques/HABILLAGE_SURF,OPTIONAL
7deeb3be76b3e16d2c39c8b285d9b4ba,602d607c66d4bb2de7215e007031f894,table,ZONE_URBA,,Donnees_geographiques/ZONE_URBA,ERROR
8a88b7193dc811081fef1a2330e5cbb4,602d607c66d4bb2de7215e007031f894,directory,5_Orientations_amenagement,,Pieces_ecrites/5_Orientations_amenagement,OPTIONAL
8b15b86e06e983bbe09ec6ba590c35ca,602d607c66d4bb2de7215e007031f894,directory,0_Procedure,,Pieces_ecrites/0_Procedure,OPTIONAL
9bfd72642ed9240b1cbd25effc366730,602d607c66d4bb2de7215e007031f894,table,DOC_URBA_COM,,DOC_URBA_COM,ERROR
ac1d25ad4743d9e6a0e0b656f75aaafa,602d607c66d4bb2de7215e007031f894,table,PRESCRIPTION_LIN,,Donnees_geographiques/PRESCRIPTION_LIN,OPTIONAL
b0892b32510806ddf91ec586f0763fb6,602d607c66d4bb2de7215e007031f894,pdf,INFORMATION,,Pieces_ecrites/3_Reglement/[0-9]{9}_info_(pct|lin|surf)(_[0-9]*)(_[a-zA-Z]*)_[0-9]{8},OPTIONAL
b59f81fa65fa40c9100df6a4e11e8f41,602d607c66d4bb2de7215e007031f894,table,HABILLAGE_TXT,,Donnees_geographiques/HABILLAGE_TXT,OPTIONAL
b5c2726b52749aecf2e36887b30b7fcb,602d607c66d4bb2de7215e007031f894,pdf,PDU,,Pieces_ecrites/6_POA/[0-9]{9}_PDU(_[0-9]*)?_[0-9]{8},OPTIONAL
b6fbc66c91eddd74c00d567f4b4c2ba2,602d607c66d4bb2de7215e007031f894,directory,2_PADD,,Pieces_ecrites/2_PADD,OPTIONAL
cd589c29c3f8e259b1042fe603283e5b,602d607c66d4bb2de7215e007031f894,pdf,ANNEXE,,Pieces_ecrites/4_Annexes/[^\\ ]*,OPTIONAL
d24a09e10cb2d41859edaef5d0eaaf9d,602d607c66d4bb2de7215e007031f894,table,HABILLAGE_PCT,,Donnees_geographiques/HABILLAGE_PCT,OPTIONAL
db4886792a2a57a3d8230396a7b3cee9,602d607c66d4bb2de7215e007031f894,pdf,PRESCRIPTION,,"Pieces_ecrites/3_Reglement/[0-9]{9}_prescription_(pct|lin|surf)(_[0-9]*){0,2}_[0-9]{8}",OPTIONAL
ed947ca393061c3ad0e0b6145090d213,602d607c66d4bb2de7215e007031f894,table,PRESCRIPTION_SURF,,Donnees_geographiques/PRESCRIPTION_SURF,OPTIONAL
f4f8fbc9a3cc2fabfd6233507b297c42,602d607c66d4bb2de7215e007031f894,table,HABILLAGE_LIN,,Donnees_geographiques/HABILLAGE_LIN,OPTIONAL
f729e2de1b45b45b48c628b53bd1b55c,602d607c66d4bb2de7215e007031f894,pdf,REGLEMENT,,Pieces_ecrites/3_Reglement/[0-9]{9}_reglement(_[0-9]*)?_[0-9]{8},ERROR
fc48c62bf3bfffb450059d6a3f8d3bf4,602d607c66d4bb2de7215e007031f894,directory,6_POA,,Pieces_ecrites/6_POA,OPTIONAL
ff1de5adbae98ff6e46e33ab2e03ae93,602d607c66d4bb2de7215e007031f894,pdf,PROCEDURE,,Pieces_ecrites/0_Procedure/[0-9]{9}_procedure(_[0-9]*)?_[0-9]{8},OPTIONAL
0f7b102ae272baf59aaab403dfc95145,60c93e7655afeacab814e5629f14c8b1,table,EL1_ASSIETTE_SUP_S,,Donnees_geographiques/EL1_ASSIETTE_SUP_S(_[a-zA-Z0-9]*)?,OPTIONAL
4d4b2a39105e348533a293324cff7dc1,60c93e7655afeacab814e5629f14c8b1,table,EL1_GENERATEUR_SUP_S,,Donnees_geographiques/EL1_GENERATEUR_SUP_S(_[a-zA-Z0-9]*)?,OPTIONAL
c937f754e5e1ed3aaf5db1f010c655da,665559e883510da468645d1baf9380f8,table,EL10_ASSIETTE_SUP_S,,Donnees_geographiques/EL10_ASSIETTE_SUP_S(_[a-zA-Z0-9]*)?,OPTIONAL
d3a362964df59d21b07d0c9a59b5109c,665559e883510da468645d1baf9380f8,table,EL10_GENERATEUR_SUP_S,,Donnees_geographiques/EL10_GENERATEUR_SUP_S(_[a-zA-Z0-9]*)?,OPTIONAL
5a1ee5f78056bebbee61eb2bb7c2d0c9,668a6f8fd4ba5dd465a9e7dd54e7649d,table,T4_GENERATEUR_SUP_P,,Donnees_geographiques/T4_GENERATEUR_SUP_P(_[a-zA-Z0-9]*)?,OPTIONAL
d3bb9725b9c4793c625c6153981e02a1,668a6f8fd4ba5dd465a9e7dd54e7649d,table,T4_ASSIETTE_SUP_P,,Donnees_geographiques/T4_ASSIETTE_SUP_P(_[a-zA-Z0-9]*)?,OPTIONAL
c7ba56024d7e57f5414700cb39c231e9,6a7ec759276cb39557a5fa78ed1ee8d7,table,EL8_GENERATEUR_SUP_P,,Donnees_geographiques/EL8_GENERATEUR_SUP_P(_[a-zA-Z0-9]*)?,OPTIONAL
df4e99d591665a2eed1d0d85dfd25de2,6a7ec759276cb39557a5fa78ed1ee8d7,table,EL8_ASSIETTE_SUP_S,,Donnees_geographiques/EL8_ASSIETTE_SUP_S(_[a-zA-Z0-9]*)?,OPTIONAL
983898bbc70a5349ce3ac2c2cafefc02,6b1856f59db06c3f2bae51e94a29fc74,table,AR5_ASSIETTE_SUP_S,,Donnees_geographiques/AR5_ASSIETTE_SUP_S(_[a-zA-Z0-9]*)?,OPTIONAL
fe91817dddc57dcf0593cc20b8399d04,6b1856f59db06c3f2bae51e94a29fc74,table,AR5_GENERATEUR_SUP_S,,Donnees_geographiques/AR5_GENERATEUR_SUP_S(_[a-zA-Z0-9]*)?,OPTIONAL
a9d866df3854e3381b1f5973a78f4799,6ced85e6a7b22c034b61915ba110a289,table,AC4_ASSIETTE_SUP_S,,Donnees_geographiques/AC4_ASSIETTE_SUP_S(_[a-zA-Z0-9]*)?,OPTIONAL
edfc549623753724a30d33164c7996ca,6ced85e6a7b22c034b61915ba110a289,table,AC4_GENERATEUR_SUP_S,,Donnees_geographiques/AC4_GENERATEUR_SUP_S(_[a-zA-Z0-9]*)?,OPTIONAL
0bb098d8a9e550104b7fb209eafa78f5,70d8d42eeb7c2789d9d66b8b611874fe,table,T2_ASSIETTE_SUP_L,,Donnees_geographiques/T2_ASSIETTE_SUP_L(_[a-zA-Z0-9]*)?,OPTIONAL
3ca98d523742961c28dbdb0c9e89021c,70d8d42eeb7c2789d9d66b8b611874fe,table,T2_GENERATEUR_SUP_L,,Donnees_geographiques/T2_GENERATEUR_SUP_L(_[a-zA-Z0-9]*)?,OPTIONAL
071a399058930fa599503c1d93123e6b,7508c61d71b18e09ea0b5dd29014feb3,table,PRESCRIPTION_PCT,,Donnees_geographiques/PRESCRIPTION_PCT(_[0-9]{5})?(_(02A|02B|[0-9]{3}))?,OPTIONAL
150e52c2fb95f489d222b34e6aa4c5c1,7508c61d71b18e09ea0b5dd29014feb3,table,INFO_SURF,,Donnees_geographiques/INFO_SURF(_[0-9]{5})?(_(02A|02B|[0-9]{3}))?,OPTIONAL
1f6f5d2cd6dbd4398084bbe0e306bf35,7508c61d71b18e09ea0b5dd29014feb3,directory,4_Annexes,,Pieces_ecrites/4_Annexes,OPTIONAL
22ffaa74a026e863a4efbb3dfd7d7f40,7508c61d71b18e09ea0b5dd29014feb3,table,HABILLAGE_TXT,,Donnees_geographiques/HABILLAGE_TXT(_[0-9]{5})?(_(02A|02B|[0-9]{3}))?,OPTIONAL
33134770f00fc4d4319aefdbbbcd948f,7508c61d71b18e09ea0b5dd29014feb3,table,PRESCRIPTION_LIN,,Donnees_geographiques/PRESCRIPTION_LIN(_[0-9]{5})?(_(02A|02B|[0-9]{3}))?,OPTIONAL
3b9d61d642d1a746d908808fc669345a,7508c61d71b18e09ea0b5dd29014feb3,table,HABILLAGE_SURF,,Donnees_geographiques/HABILLAGE_SURF(_[0-9]{5})?(_(02A|02B|[0-9]{3}))?,OPTIONAL
3fdfd8323f76a1b180098d302f8ba7a2,7508c61d71b18e09ea0b5dd29014feb3,directory,2_PADD,,Pieces_ecrites/2_PADD,OPTIONAL
402f02f471371deeaf917a10f6c5a69f,7508c61d71b18e09ea0b5dd29014feb3,pdf,RAPPORT,,Pieces_ecrites/1_Rapport_de_presentation/(2A|2B|[0-9]{2})[0-9]{3}_rapport_[0-9]{8},OPTIONAL
40f4ddd8a5ce6b71df32649a0d455bbd,7508c61d71b18e09ea0b5dd29014feb3,table,ZONE_URBA,,Donnees_geographiques/ZONE_URBA(_[0-9]{5})?(_(02A|02B|[0-9]{3}))?,ERROR
4ba297ae67a1bbe0d73e02564a27fdb8,7508c61d71b18e09ea0b5dd29014feb3,table,HABILLAGE_PCT,,Donnees_geographiques/HABILLAGE_PCT(_[0-9]{5})?(_(02A|02B|[0-9]{3}))?,OPTIONAL
540014d7b3cbd27b82543a064c0b47f2,7508c61d71b18e09ea0b5dd29014feb3,table,DOC_URBA,,DOC(UMENT)?_URBA(_(02A|02B|[0-9]{3}))?,WARN
55e80602f82334bddb9a35e400a5b824,7508c61d71b18e09ea0b5dd29014feb3,pdf,REGLEMENT,,Pieces_ecrites/3_Reglement/(2A|2B|[0-9]{2})[0-9]{3}_reglement_[0-9]{8},ERROR
5bf9d1b57fef2c4078498a2b9f94b7c2,7508c61d71b18e09ea0b5dd29014feb3,table,PRESCRIPTION_SURF,,Donnees_geographiques/PRESCRIPTION_SURF(_[0-9]{5})?(_(02A|02B|[0-9]{3}))?,OPTIONAL
671a815a4ecabe7ce13976e8195e6a86,7508c61d71b18e09ea0b5dd29014feb3,pdf,PADD,,Pieces_ecrites/2_PADD/(2A|2B|[0-9]{2})[0-9]{3}_(PADD|padd)_[0-9]{8},OPTIONAL
739c009499f26249b5fcbe273874269c,7508c61d71b18e09ea0b5dd29014feb3,pdf,ANNEXE,,Pieces_ecrites/4_Annexes/[^\\ ]*,OPTIONAL
826ae4c2498a9b87ae56e83bce094664,7508c61d71b18e09ea0b5dd29014feb3,pdf,ORIENTATIONS_AMENAGEMENT,,Pieces_ecrites/5_Orientations_amenagement/(2A|2B|[0-9]{2})[0-9]{3}_orientations_amenagement(_[0-9]*)?_[0-9]{8},OPTIONAL
89fbd95e17f2e961ebba84af9b8faa9f,7508c61d71b18e09ea0b5dd29014feb3,directory,3_Reglement,,Pieces_ecrites/3_Reglement,ERROR
9376264bdf3ae7b220efcbdb7b936f5c,7508c61d71b18e09ea0b5dd29014feb3,metadata,METADONNEES,,[^\\ ]*,ERROR
9a9925010c041aeee60d60fe9f73c8d0,7508c61d71b18e09ea0b5dd29014feb3,table,INFO_PCT,,Donnees_geographiques/INFO_PCT(_[0-9]{5})?(_(02A|02B|[0-9]{3}))?,OPTIONAL
9cff13157337123d403c7ec537eb35b0,7508c61d71b18e09ea0b5dd29014feb3,directory,Donnees_geographiques,,Donnees_geographiques,ERROR
b93374f9b46a58f6ba10422047859d52,7508c61d71b18e09ea0b5dd29014feb3,table,HABILLAGE_LIN,,Donnees_geographiques/HABILLAGE_LIN(_[0-9]{5})?(_(02A|02B|[0-9]{3}))?,OPTIONAL
c2eeb912043c86b99f18fd3e29f39aad,7508c61d71b18e09ea0b5dd29014feb3,directory,Pieces_ecrites,,Pieces_ecrites,ERROR
ccd302074c56a81fa2b6e15702da1758,7508c61d71b18e09ea0b5dd29014feb3,table,INFO_LIN,,Donnees_geographiques/INFO_LIN(_[0-9]{5})?(_(02A|02B|[0-9]{3}))?,OPTIONAL
d4eff3a4031f0dcf56c0364ea0ff294a,7508c61d71b18e09ea0b5dd29014feb3,table,DOC_URBA_COM,,DOC(UMENT)?_URBA_COM(_(02A|02B|[0-9]{3}))?,WARN
f1fad9d49a9624613662b666ca536262,7508c61d71b18e09ea0b5dd29014feb3,directory,5_Orientations_amenagement,,Pieces_ecrites/5_Orientations_amenagement,OPTIONAL
fbcc3a09cd834eeb3064b1d50f5b4861,7508c61d71b18e09ea0b5dd29014feb3,directory,1_Rapport_de_presentation,,Pieces_ecrites/1_Rapport_de_presentation,OPTIONAL
7cb7c094b792101280acf0ee0a18bc16,7abad13a61e8ac0e30856742583df508,table,EL9_GENERATEUR_SUP_L,,Donnees_geographiques/EL9_GENERATEUR_SUP_L(_[a-zA-Z0-9]*)?,OPTIONAL
d552617ac5488afab9171f6ebcd882be,7abad13a61e8ac0e30856742583df508,table,EL9_ASSIETTE_SUP_S,,Donnees_geographiques/EL9_ASSIETTE_SUP_S(_[a-zA-Z0-9]*)?,OPTIONAL
4f11bb2c382db0734c052fc0daae8c7d,7b5fea14fbb73b4b53f4a3551c72a9ac,table,A4_ASSIETTE_SUP_S,,Donnees_geographiques/A4_ASSIETTE_SUP_S(_[a-zA-Z0-9]*)?,OPTIONAL
58e23d5c3a617fdb3d0b0b20502180de,7b5fea14fbb73b4b53f4a3551c72a9ac,table,A4_GENERATEUR_SUP_S,,Donnees_geographiques/A4_GENERATEUR_SUP_S(_[a-zA-Z0-9]*)?,OPTIONAL
8c07c6437ade14b5fe5021f6f0b9f04b,7b5fea14fbb73b4b53f4a3551c72a9ac,table,A4_GENERATEUR_SUP_L,,Donnees_geographiques/A4_GENERATEUR_SUP_L(_[a-zA-Z0-9]*)?,OPTIONAL
2b7f30d5abbbd7bb1ae20666e21e49ac,7bcf02040f0996b62be9666117f6be05,table,A9_ASSIETTE_SUP_S,,Donnees_geographiques/A9_ASSIETTE_SUP_S(_[a-zA-Z0-9]*)?,OPTIONAL
f56012bd56e5fcd93c63217f8f835023,7bcf02040f0996b62be9666117f6be05,table,A9_GENERATEUR_SUP_S,,Donnees_geographiques/A9_GENERATEUR_SUP_S(_[a-zA-Z0-9]*)?,OPTIONAL
c21b58513f2aace669dd68f62327f14a,859defebe2fcef45c8638abbff01ed6b,table,PM5_ASSIETTE_SUP_S,,Donnees_geographiques/PM5_ASSIETTE_SUP_S(_[a-zA-Z0-9]*)?,OPTIONAL
db953d39831d34fdda6376ac93c7ebe6,859defebe2fcef45c8638abbff01ed6b,table,PM5_GENERATEUR_SUP_S,,Donnees_geographiques/PM5_GENERATEUR_SUP_S(_[a-zA-Z0-9]*)?,OPTIONAL
06959cbb5d6708d90978cce850f9c1ba,8627b77ef1c3abade5dca814f64a30b7,table,PT1_GENERATEUR_SUP_S,,Donnees_geographiques/PT1_GENERATEUR_SUP_S(_[a-zA-Z0-9]*)?,OPTIONAL
07230d2a8daa2c00ac1c598bc4ba5a31,8627b77ef1c3abade5dca814f64a30b7,table,PT1_GENERATEUR_SUP_P,,Donnees_geographiques/PT1_GENERATEUR_SUP_P(_[a-zA-Z0-9]*)?,OPTIONAL
913518fbf416dae4e145e0cbc3ba95d6,8627b77ef1c3abade5dca814f64a30b7,table,PT1_ASSIETTE_SUP_S,,Donnees_geographiques/PT1_ASSIETTE_SUP_S(_[a-zA-Z0-9]*)?,OPTIONAL
1fa782f02239c55ad7e55271463d5734,8875eeaff4e4965d65bfcd34b84a7b42,table,PT2_GENERATEUR_SUP_S,,Donnees_geographiques/PT2_GENERATEUR_SUP_S(_[a-zA-Z0-9]*)?,OPTIONAL
7fd850b7bba4ed79d22b77d0833c3320,8875eeaff4e4965d65bfcd34b84a7b42,table,PT2_ASSIETTE_SUP_S,,Donnees_geographiques/PT2_ASSIETTE_SUP_S(_[a-zA-Z0-9]*)?,OPTIONAL
a3a1b0b59e533e0ab5bdf9ed1e8270cb,8875eeaff4e4965d65bfcd34b84a7b42,table,PT2_GENERATEUR_SUP_P,,Donnees_geographiques/PT2_GENERATEUR_SUP_P(_[a-zA-Z0-9]*)?,OPTIONAL
e29288a041737a65c69dcb17eedd1f42,8875eeaff4e4965d65bfcd34b84a7b42,table,PT2_GENERATEUR_SUP_L,,Donnees_geographiques/PT2_GENERATEUR_SUP_L(_[a-zA-Z0-9]*)?,OPTIONAL
5d7d845655fe96de07fe6b90fb57fcf8,8b724df1bfb7ee47fb8ab1cf0cbacf8d,table,PT3_GENERATEUR_SUP_L,,Donnees_geographiques/PT3_GENERATEUR_SUP_L(_[a-zA-Z0-9]*)?,OPTIONAL
a2cc7f79444a5872be15619c12aab355,8b724df1bfb7ee47fb8ab1cf0cbacf8d,table,PT3_ASSIETTE_SUP_L,,Donnees_geographiques/PT3_ASSIETTE_SUP_L(_[a-zA-Z0-9]*)?,OPTIONAL
839ba0598195732d97b42586f079cca4,8c765547286d86dc8ecb612e76106127,table,PT4_GENERATEUR_SUP_L,,Donnees_geographiques/PT4_GENERATEUR_SUP_L(_[a-zA-Z0-9]*)?,OPTIONAL
8e93bb133f6f7b3bd34af734faa96615,8c765547286d86dc8ecb612e76106127,table,PT4_ASSIETTE_SUP_L,,Donnees_geographiques/PT4_ASSIETTE_SUP_L(_[a-zA-Z0-9]*)?,OPTIONAL
53b825f0a98049fc17b3fa731d192a72,8d15aaa717a926035178e321b57cc1f2,table,EL7_GENERATEUR_SUP_S,,Donnees_geographiques/EL7_GENERATEUR_SUP_S(_[a-zA-Z0-9]*)?,OPTIONAL
57e7219b1b79155a5cac73537f5f1608,8d15aaa717a926035178e321b57cc1f2,table,EL7_GENERATEUR_SUP_L,,Donnees_geographiques/EL7_GENERATEUR_SUP_L(_[a-zA-Z0-9]*)?,OPTIONAL
c3141808ad28ada059114c45d305a046,8d15aaa717a926035178e321b57cc1f2,table,EL7_ASSIETTE_SUP_S,,Donnees_geographiques/EL7_ASSIETTE_SUP_S(_[a-zA-Z0-9]*)?,OPTIONAL
f02d11e65291bef5c66d3a336752c6ec,8d15aaa717a926035178e321b57cc1f2,table,EL7_ASSIETTE_SUP_L,,Donnees_geographiques/EL7_ASSIETTE_SUP_L(_[a-zA-Z0-9]*)?,OPTIONAL
665d2d633f085d79f30d25e2747107e6,8eb24440841201f14a6e44f15cf91aea,table,EL11_ASSIETTE_SUP_S,,Donnees_geographiques/EL11_ASSIETTE_SUP_S(_[a-zA-Z0-9]*)?,OPTIONAL
b25a199337968e93ed30467523e9d490,8eb24440841201f14a6e44f15cf91aea,table,EL11_GENERATEUR_SUP_L,,Donnees_geographiques/EL11_GENERATEUR_SUP_L(_[a-zA-Z0-9]*)?,OPTIONAL
266250a2dc3ce5526ec99b2de853c3b8,92cf99dd815bf0cc3a26e70b9ef68c8c,pdf,RAPPORT,,([a-zA-Z0-9\\_\\.\\-\\ ]*),OPTIONAL
84e18dc154c397f7614c1d35359a50be,93bacdd71072b6a9432fea5f64c47b19,table,AS2_ASSIETTE_SUP_S,,Donnees_geographiques/AS2_ASSIETTE_SUP_S(_[a-zA-Z0-9]*)?,OPTIONAL
d5316c776673247cd1260ced881a3a6e,93bacdd71072b6a9432fea5f64c47b19,table,AS2_GENERATEUR_SUP_S,,Donnees_geographiques/AS2_GENERATEUR_SUP_S(_[a-zA-Z0-9]*)?,OPTIONAL
4b371e4d6b206aee4e62275f5eee7f45,97a7ce1d8d58eaf02c3e661a08923f2d,table,T6_GENERATEUR_SUP_S,,Donnees_geographiques/T6_GENERATEUR_SUP_S(_[a-zA-Z0-9]*)?,OPTIONAL
fe9433452482c31ce80639722f75f2e6,97a7ce1d8d58eaf02c3e661a08923f2d,table,T6_ASSIETTE_SUP_S,,Donnees_geographiques/T6_ASSIETTE_SUP_S(_[a-zA-Z0-9]*)?,OPTIONAL
64d1f375c17716f2da6dc2ca6f9651d1,9bbde5223af2e9d7477cb91b3de9ff9a,table,PM1_GENERATEUR_SUP_S,,Donnees_geographiques/PM1_GENERATEUR_SUP_S(_[a-zA-Z0-9]*)?,OPTIONAL
9a5f026283a031261d3779b099f2e717,9bbde5223af2e9d7477cb91b3de9ff9a,table,PM1_ASSIETTE_SUP_S,,Donnees_geographiques/PM1_ASSIETTE_SUP_S(_[a-zA-Z0-9]*)?,OPTIONAL
4a959d470848a70e8487825dea1b9c5d,9f8d57b0daffc1ff6dfe89c34cad53dc,table,I2_ASSIETTE_SUP_S,,Donnees_geographiques/I2_ASSIETTE_SUP_S(_[a-zA-Z0-9]*)?,OPTIONAL
5101fa092bdc0ebea1951ef86badd4ea,9f8d57b0daffc1ff6dfe89c34cad53dc,table,I2_GENERATEUR_SUP_S,,Donnees_geographiques/I2_GENERATEUR_SUP_S(_[a-zA-Z0-9]*)?,OPTIONAL
5aebf945d90076d3c2db3e4d97d19f8c,a4f6ffb26fd9d5db84ff3489408e1a0c,table,A5_ASSIETTE_SUP_L,,Donnees_geographiques/A5_ASSIETTE_SUP_L(_[a-zA-Z0-9]*)?,OPTIONAL
b0841534ea031c2446faa888621b3d45,a4f6ffb26fd9d5db84ff3489408e1a0c,table,A5_GENERATEUR_SUP_L,,Donnees_geographiques/A5_GENERATEUR_SUP_L(_[a-zA-Z0-9]*)?,OPTIONAL
664f3b5453d9e9fbca0603462348a28d,a543fe85c41136b426dd8e1ae7c58ec6,table,A1_GENERATEUR_SUP_S,,Donnees_geographiques/A1_GENERATEUR_SUP_S(_[a-zA-Z0-9]*)?,OPTIONAL
8222aa1125c1143206a18e66d38faf95,a543fe85c41136b426dd8e1ae7c58ec6,table,A1_ASSIETTE_SUP_S,,Donnees_geographiques/A1_ASSIETTE_SUP_S(_[a-zA-Z0-9]*)?,OPTIONAL
1ede9b5741a635f092832ebf145938fd,a581ed449b69b0bb49398f2c218d00a6,table,I8_GENERATEUR_SUP_S,,Donnees_geographiques/I8_GENERATEUR_SUP_S(_[a-zA-Z0-9]*)?,OPTIONAL
d7898972347324cb69537e63cd1b6e8d,a581ed449b69b0bb49398f2c218d00a6,table,I8_ASSIETTE_SUP_S,,Donnees_geographiques/I8_ASSIETTE_SUP_S(_[a-zA-Z0-9]*)?,OPTIONAL
1ea44aef8df436ac9e5e48f5569f98ec,a6f5ba842e151219298bf5456dbb24d6,table,EL5_ASSIETTE_SUP_P,,Donnees_geographiques/EL5_ASSIETTE_SUP_P(_[a-zA-Z0-9]*)?,OPTIONAL
66ea05dbb4a29a07e49dd78e0bb30faa,a6f5ba842e151219298bf5456dbb24d6,table,EL5_GENERATEUR_SUP_P,,Donnees_geographiques/EL5_GENERATEUR_SUP_P(_[a-zA-Z0-9]*)?,OPTIONAL
aa9e293ba40d1d20ac08ccd0d6f58770,a6f5ba842e151219298bf5456dbb24d6,table,EL5_ASSIETTE_SUP_S,,Donnees_geographiques/EL5_ASSIETTE_SUP_S(_[a-zA-Z0-9]*)?,OPTIONAL
c69114710336bf23f49ea01e0c4aca5e,a6f5ba842e151219298bf5456dbb24d6,table,EL5_GENERATEUR_SUP_S,,Donnees_geographiques/EL5_GENERATEUR_SUP_S(_[a-zA-Z0-9]*)?,OPTIONAL
1f088c19d81db5e0b55a20cc67167272,a760c383d30d91539312e2c99ceab15c,table,AC3_ASSIETTE_SUP_S,,Donnees_geographiques/AC3_ASSIETTE_SUP_S(_[a-zA-Z0-9]*)?,OPTIONAL
3dc9629854abc9ce64570383f0ada05c,a760c383d30d91539312e2c99ceab15c,table,AC3_GENERATEUR_SUP_S,,Donnees_geographiques/AC3_GENERATEUR_SUP_S(_[a-zA-Z0-9]*)?,OPTIONAL
0200a0ccc8b4f3ed52584db44366228f,a92b92f73d59917d050de93dbb4e74c7,directory,0_Procedure,,Pieces_ecrites/0_Procedure,OPTIONAL
03d497e82f490fe134cc661a3d0cabd1,a92b92f73d59917d050de93dbb4e74c7,metadata,METADONNEES,,[^\\ ]*,ERROR
1d61619430c0936912912668fb2aeb6a,a92b92f73d59917d050de93dbb4e74c7,directory,Donnees_geographiques,,Donnees_geographiques,ERROR
22afe8bc815eebdb665cef0b1f0be8aa,a92b92f73d59917d050de93dbb4e74c7,pdf,ORIENTATIONS_AMENAGEMENT,,Pieces_ecrites/5_Orientations_amenagement/(2A|2B|[0-9]{2})[0-9]{3}_orientations_amenagement(_[0-9]*)?_[0-9]{8},OPTIONAL
357e29ca1bda8c52887373e0be176887,a92b92f73d59917d050de93dbb4e74c7,table,INFO_SURF,,Donnees_geographiques/INFO_SURF(_[0-9]{5})?(_(02A|02B|[0-9]{3}))?,OPTIONAL
3d901b7e4c8a8f1b9ff4857003b694a2,a92b92f73d59917d050de93dbb4e74c7,directory,4_Annexes,,Pieces_ecrites/4_Annexes,OPTIONAL
406748dfd7b28451647c6860dcfde056,a92b92f73d59917d050de93dbb4e74c7,table,PRESCRIPTION_SURF,,Donnees_geographiques/PRESCRIPTION_SURF(_[0-9]{5})?(_(02A|02B|[0-9]{3}))?,OPTIONAL
4708bf1184e40ee7aa7b6d4f529331f0,a92b92f73d59917d050de93dbb4e74c7,pdf,PADD,,Pieces_ecrites/2_PADD/(2A|2B|[0-9]{2})[0-9]{3}_(PADD|padd)_[0-9]{8},OPTIONAL
57ae9bfeb037364c8e0de9eaf8b4431e,a92b92f73d59917d050de93dbb4e74c7,table,HABILLAGE_LIN,,Donnees_geographiques/HABILLAGE_LIN(_[0-9]{5})?(_(02A|02B|[0-9]{3}))?,OPTIONAL
5cd1a84b342bce3bd66f3b99be1fe39e,a92b92f73d59917d050de93dbb4e74c7,directory,3_Reglement,,Pieces_ecrites/3_Reglement,ERROR
72da484d6634db30124a42d5cfb8fadb,a92b92f73d59917d050de93dbb4e74c7,table,HABILLAGE_PCT,,Donnees_geographiques/HABILLAGE_PCT(_[0-9]{5})?(_(02A|02B|[0-9]{3}))?,OPTIONAL
766a513304de1a426a715048477f21b2,a92b92f73d59917d050de93dbb4e74c7,table,ZONE_URBA,,Donnees_geographiques/ZONE_URBA(_[0-9]{5})?(_(02A|02B|[0-9]{3}))?,ERROR
779fe97b71f9883dc7d97deb9b791eb2,a92b92f73d59917d050de93dbb4e74c7,directory,1_Rapport_de_presentation,,Pieces_ecrites/1_Rapport_de_presentation,OPTIONAL
81c765b004c69cfb88ea12e00ca42c63,a92b92f73d59917d050de93dbb4e74c7,table,DOC_URBA,,DOC_URBA(_(02A|02B|[0-9]{3}))?,ERROR
844305554f8fbdcf589c3d68d8547015,a92b92f73d59917d050de93dbb4e74c7,pdf,RAPPORT,,Pieces_ecrites/1_Rapport_de_presentation/(2A|2B|[0-9]{2})[0-9]{3}_rapport_[0-9]{8},OPTIONAL
8e4388991dea2e969aac2b5b5fa74055,a92b92f73d59917d050de93dbb4e74c7,table,HABILLAGE_SURF,,Donnees_geographiques/HABILLAGE_SURF(_[0-9]{5})?(_(02A|02B|[0-9]{3}))?,OPTIONAL
94df13cff06bd6b15cb35bb0d564110a,a92b92f73d59917d050de93dbb4e74c7,pdf,EVALUATION_ENVIRONNEMENTALE,L'évaluation environnementale,Pieces_ecrites/1_Rapport_de_presentation/(2A|2B|[0-9]{2})[0-9]{3}_eval_environnement_[0-9]{8},OPTIONAL
9998c533ee7e24adfd15bff4d9bd4adb,a92b92f73d59917d050de93dbb4e74c7,table,INFO_LIN,,Donnees_geographiques/INFO_LIN(_[0-9]{5})?(_(02A|02B|[0-9]{3}))?,OPTIONAL
a4ca0afdc13b260779c2e1f70aea4699,a92b92f73d59917d050de93dbb4e74c7,pdf,PRESCRIPTION,,Pieces_ecrites/3_Reglement/(2A|2B|[0-9]{2})[0-9]{3}_prescription_(lin|pct|surf)(_[0-9]*)?_[0-9]{8},OPTIONAL
ae66764446341c996a2cd35c67189927,a92b92f73d59917d050de93dbb4e74c7,directory,2_PADD,,Pieces_ecrites/2_PADD,OPTIONAL
b1891ccf8c04f127064dbd8971d0ec63,a92b92f73d59917d050de93dbb4e74c7,table,PRESCRIPTION_LIN,,Donnees_geographiques/PRESCRIPTION_LIN(_[0-9]{5})?(_(02A|02B|[0-9]{3}))?,OPTIONAL
b5acf1244eab8fb52691154859bd781d,a92b92f73d59917d050de93dbb4e74c7,pdf,ANNEXE,,Pieces_ecrites/4_Annexes/[^\\ ]*,OPTIONAL
be6e359007473cbf458e53a6cd9ba911,a92b92f73d59917d050de93dbb4e74c7,directory,Pieces_ecrites,,Pieces_ecrites,ERROR
bf55ae40cde2ff97c755bb4775da4374,a92b92f73d59917d050de93dbb4e74c7,table,DOC_URBA_COM,,DOC_URBA_COM(_(02A|02B|[0-9]{3}))?,ERROR
c01316f9ad0126a396980e4844330464,a92b92f73d59917d050de93dbb4e74c7,directory,5_Orientations_amenagement,,Pieces_ecrites/5_Orientations_amenagement,OPTIONAL
d4ed9e8634b669769bb6edc110efdddf,a92b92f73d59917d050de93dbb4e74c7,pdf,REGLEMENT_GRAPHIQUE,Le règlement graphique,Pieces_ecrites/3_Reglement/(2A|2B|[0-9]{2})[0-9]{3}_reglement_graphique_[0-9]{8},OPTIONAL
d8c95096656b298ceb37138953f77d4a,a92b92f73d59917d050de93dbb4e74c7,pdf,PROCEDURE,,Pieces_ecrites/0_Procedure/(2A|2B|[0-9]{2})[0-9]{3}_procedure_[0-9]{8},OPTIONAL
e6a84a9d821a8f73f4a174fd2ba874f4,a92b92f73d59917d050de93dbb4e74c7,table,INFO_PCT,,Donnees_geographiques/INFO_PCT(_[0-9]{5})?(_(02A|02B|[0-9]{3}))?,OPTIONAL
e786f3afc60b4234bcf79c82f27939e6,a92b92f73d59917d050de93dbb4e74c7,table,HABILLAGE_TXT,,Donnees_geographiques/HABILLAGE_TXT(_[0-9]{5})?(_(02A|02B|[0-9]{3}))?,OPTIONAL
e78b5301e71be1f3a1accc9113a8558a,a92b92f73d59917d050de93dbb4e74c7,pdf,REGLEMENT,,Pieces_ecrites/3_Reglement/(2A|2B|[0-9]{2})[0-9]{3}_reglement_[0-9]{8},ERROR
eeee6c9903a753f2c8c6e9707b684707,a92b92f73d59917d050de93dbb4e74c7,table,PRESCRIPTION_PCT,,Donnees_geographiques/PRESCRIPTION_PCT(_[0-9]{5})?(_(02A|02B|[0-9]{3}))?,OPTIONAL
4f023238fd99beb83a091d2777252ce1,b051728d2aae83997f127a9ed540f211,table,Int1_ASSIETTE_SUP_S,,Donnees_geographiques/Int1_ASSIETTE_SUP_S(_[a-zA-Z0-9]*)?,OPTIONAL
98df6901ee40de10adf64f8d3d78f4a1,b051728d2aae83997f127a9ed540f211,table,Int1_GENERATEUR_SUP_S,,Donnees_geographiques/Int1_GENERATEUR_SUP_S(_[a-zA-Z0-9]*)?,OPTIONAL
37ae9734b55fd7586c33b88c0c6f6ae3,b26fdb8c7cec6f442d3b06f7cf7fe33e,table,T8_GENERATEUR_SUP_P,,Donnees_geographiques/T8_GENERATEUR_SUP_P(_[a-zA-Z0-9]*)?,OPTIONAL
a7d7b39d0299b5553dc267331e09971c,b26fdb8c7cec6f442d3b06f7cf7fe33e,table,T8_GENERATEUR_SUP_L,,Donnees_geographiques/T8_GENERATEUR_SUP_L(_[a-zA-Z0-9]*)?,OPTIONAL
e33f633ec24e693ddc75dae5f74ce6b4,b26fdb8c7cec6f442d3b06f7cf7fe33e,table,T8_ASSIETTE_SUP_S,,Donnees_geographiques/T8_ASSIETTE_SUP_S(_[a-zA-Z0-9]*)?,OPTIONAL
e4ee055051bfe437c0d4961fbc097405,b26fdb8c7cec6f442d3b06f7cf7fe33e,table,T8_GENERATEUR_SUP_S,,Donnees_geographiques/T8_GENERATEUR_SUP_S(_[a-zA-Z0-9]*)?,OPTIONAL
09c26156e24e13c41e4c30a978703c4e,b47179a9b46721626eabcaebfdc78116,table,A2_ASSIETTE_SUP_L,,Donnees_geographiques/A2_ASSIETTE_SUP_L(_[a-zA-Z0-9]*)?,OPTIONAL
b75a3af73c15fc1655f2c312a1dbe25a,b47179a9b46721626eabcaebfdc78116,table,A2_GENERATEUR_SUP_L,,Donnees_geographiques/A2_GENERATEUR_SUP_L(_[a-zA-Z0-9]*)?,OPTIONAL
220a0a448e891d4eca2c05f68b71f9d9,b4f440f9edde5f5a40bb2f7bae4a5adf,table,I5_GENERATEUR_SUP_L,,Donnees_geographiques/I5_GENERATEUR_SUP_L(_[a-zA-Z0-9]*)?,OPTIONAL
33b4c592dd23a0710cb0969dac3e7aa1,b4f440f9edde5f5a40bb2f7bae4a5adf,table,I5_ASSIETTE_SUP_S,,Donnees_geographiques/I5_ASSIETTE_SUP_S(_[a-zA-Z0-9]*)?,OPTIONAL
7158312d1431b9022712adc95d8ec6c1,b50e9004642b9a565c9e7d832dc974a2,table,PM3_ASSIETTE_SUP_S,,Donnees_geographiques/PM3_ASSIETTE_SUP_S(_[a-zA-Z0-9]*)?,OPTIONAL
f75f2540c11bdf0600250b43db3fe39a,b50e9004642b9a565c9e7d832dc974a2,table,PM3_GENERATEUR_SUP_S,,Donnees_geographiques/PM3_GENERATEUR_SUP_S(_[a-zA-Z0-9]*)?,OPTIONAL
3725cdf5a8ecb5d90e86fd0dc4b67789,b543e34855ac26dab402c82df591073e,table,AR3_GENERATEUR_SUP_S,,Donnees_geographiques/AR3_GENERATEUR_SUP_S(_[a-zA-Z0-9]*)?,OPTIONAL
94f2086d825dd6434a274f674428b54d,b543e34855ac26dab402c82df591073e,table,AR3_ASSIETTE_SUP_S,,Donnees_geographiques/AR3_ASSIETTE_SUP_S(_[a-zA-Z0-9]*)?,OPTIONAL
94f2f1001d5cbb8b06f59c64136bdc42,b543e34855ac26dab402c82df591073e,table,AR3_GENERATEUR_SUP_P,,Donnees_geographiques/AR3_GENERATEUR_SUP_P(_[a-zA-Z0-9]*)?,OPTIONAL
0820b811b56aa72582e2e7b56bf3f966,b5797dc899ea354cf5323667cffec332,pdf,EVALUATION_ENVIRONNEMENTALE,L'évaluation environnementale,Pieces_ecrites/1_Rapport_de_presentation/(2A|2B|[0-9]{2})[0-9]{3}_eval_environnement_[0-9]{8},OPTIONAL
0d15d094681d3ab81ad0b67f5a7313dc,b5797dc899ea354cf5323667cffec332,table,DOC_URBA,,DOC_URBA(_(02A|02B|[0-9]{3}))?,ERROR
190febbdeebf27281804007ea70c10fa,b5797dc899ea354cf5323667cffec332,table,PRESCRIPTION_SURF,,Donnees_geographiques/PRESCRIPTION_SURF(_[0-9]{5})?(_(02A|02B|[0-9]{3}))?,OPTIONAL
1930abb695369d0bd5123cc13f83fb56,b5797dc899ea354cf5323667cffec332,pdf,RAPPORT,,Pieces_ecrites/1_Rapport_de_presentation/(2A|2B|[0-9]{2})[0-9]{3}_rapport_[0-9]{8},OPTIONAL
1ecf39b23e8b472c7f61df13975246e1,b5797dc899ea354cf5323667cffec332,directory,1_Rapport_de_presentation,,Pieces_ecrites/1_Rapport_de_presentation,OPTIONAL
221012efa49a304dc0a7fcd7fd843124,b5797dc899ea354cf5323667cffec332,table,INFO_PCT,,Donnees_geographiques/INFO_PCT(_[0-9]{5})?(_(02A|02B|[0-9]{3}))?,OPTIONAL
23ac07bbba9c39fbe533383ed4233dd7,b5797dc899ea354cf5323667cffec332,directory,2_PADD,,Pieces_ecrites/2_PADD,OPTIONAL
25709619cdb2a6d94b943508abcb4b52,b5797dc899ea354cf5323667cffec332,table,PRESCRIPTION_PCT,,Donnees_geographiques/PRESCRIPTION_PCT(_[0-9]{5})?(_(02A|02B|[0-9]{3}))?,OPTIONAL
2b2135614f2dbdce6eb50866b5b85200,b5797dc899ea354cf5323667cffec332,table,HABILLAGE_LIN,,Donnees_geographiques/HABILLAGE_LIN(_[0-9]{5})?(_(02A|02B|[0-9]{3}))?,OPTIONAL
2e84d1934a9367c36d37790dbf0fc334,b5797dc899ea354cf5323667cffec332,pdf,PROCEDURE,,Pieces_ecrites/0_Procedure/(2A|2B|[0-9]{2})[0-9]{3}_procedure_[0-9]{8},OPTIONAL
2e91f8f6eaabf64394006ff858240246,b5797dc899ea354cf5323667cffec332,table,HABILLAGE_TXT,,Donnees_geographiques/HABILLAGE_TXT(_[0-9]{5})?(_(02A|02B|[0-9]{3}))?,OPTIONAL
3e5cc82d6b387ac914ccd99c01176bd0,b5797dc899ea354cf5323667cffec332,pdf,ANNEXE,,Pieces_ecrites/4_Annexes/[^\\ ]*,OPTIONAL
4d23d199279cddcb967dcf06d9fe24a6,b5797dc899ea354cf5323667cffec332,metadata,METADONNEES,,[^\\ ]*,ERROR
5035ee25962e1f3af0f847420e521a50,b5797dc899ea354cf5323667cffec332,directory,4_Annexes,,Pieces_ecrites/4_Annexes,OPTIONAL
5047637fc6efe6438c4a4cf3b5ad8eeb,b5797dc899ea354cf5323667cffec332,directory,0_Procedure,,Pieces_ecrites/0_Procedure,OPTIONAL
56f0d8b8f4ce4d15ff0eaac0c1dc51dc,b5797dc899ea354cf5323667cffec332,directory,3_Reglement,,Pieces_ecrites/3_Reglement,ERROR
5df2c2117137edfba122e50cde6ee44e,b5797dc899ea354cf5323667cffec332,table,INFO_LIN,,Donnees_geographiques/INFO_LIN(_[0-9]{5})?(_(02A|02B|[0-9]{3}))?,OPTIONAL
655d78ea5705c7ec979ff697e8d08294,b5797dc899ea354cf5323667cffec332,directory,5_Orientations_amenagement,,Pieces_ecrites/5_Orientations_amenagement,OPTIONAL
6d5d79aece132cf539d04ec2a25ca5a0,b5797dc899ea354cf5323667cffec332,pdf,PRESCRIPTION,,Pieces_ecrites/3_Reglement/(2A|2B|[0-9]{2})[0-9]{3}_prescription_(lin|pct|surf)(_[0-9]*)?_[0-9]{8},OPTIONAL
72c90d69badfc3b124a6fca7c094a49d,b5797dc899ea354cf5323667cffec332,table,HABILLAGE_SURF,,Donnees_geographiques/HABILLAGE_SURF(_[0-9]{5})?(_(02A|02B|[0-9]{3}))?,OPTIONAL
7329429e5cca2962238e78440a5140e8,b5797dc899ea354cf5323667cffec332,table,PRESCRIPTION_LIN,,Donnees_geographiques/PRESCRIPTION_LIN(_[0-9]{5})?(_(02A|02B|[0-9]{3}))?,OPTIONAL
7eecd3ad8dcb2cb38af38ae97059cb0a,b5797dc899ea354cf5323667cffec332,table,HABILLAGE_PCT,,Donnees_geographiques/HABILLAGE_PCT(_[0-9]{5})?(_(02A|02B|[0-9]{3}))?,OPTIONAL
8480cd8711b7860f42c39f062209e283,b5797dc899ea354cf5323667cffec332,table,DOC_URBA_COM,,DOC_URBA_COM(_(02A|02B|[0-9]{3}))?,ERROR
94f00ab3f4fc3ca9d67eaec51587820b,b5797dc899ea354cf5323667cffec332,pdf,ORIENTATIONS_AMENAGEMENT,,Pieces_ecrites/5_Orientations_amenagement/(2A|2B|[0-9]{2})[0-9]{3}_orientations_amenagement(_[0-9]*)?_[0-9]{8},OPTIONAL
c3c1c4a418397d04b5268a40f6978887,b5797dc899ea354cf5323667cffec332,pdf,PADD,,Pieces_ecrites/2_PADD/(2A|2B|[0-9]{2})[0-9]{3}_(PADD|padd)_[0-9]{8},OPTIONAL
c44832aa20c43be6f90ad78112acff92,b5797dc899ea354cf5323667cffec332,directory,Donnees_geographiques,,Donnees_geographiques,ERROR
d86d2b75d0ee89f028490572ccd0e840,b5797dc899ea354cf5323667cffec332,pdf,REGLEMENT,,Pieces_ecrites/3_Reglement/(2A|2B|[0-9]{2})[0-9]{3}_reglement_[0-9]{8},ERROR
db5504d63d351dea4707b1a73df52d86,b5797dc899ea354cf5323667cffec332,directory,Pieces_ecrites,,Pieces_ecrites,ERROR
dc2b66796a5601f74a247018c5930354,b5797dc899ea354cf5323667cffec332,pdf,REGLEMENT_GRAPHIQUE,Le règlement graphique,Pieces_ecrites/3_Reglement/(2A|2B|[0-9]{2})[0-9]{3}_reglement_graphique_[0-9]{8},OPTIONAL
f702038181c1bc232e01605b8ca4f9a9,b5797dc899ea354cf5323667cffec332,table,ZONE_URBA,,Donnees_geographiques/ZONE_URBA(_[0-9]{5})?(_(02A|02B|[0-9]{3}))?,ERROR
f9539d885c82e9507b85fbd92eecea51,b5797dc899ea354cf5323667cffec332,table,INFO_SURF,,Donnees_geographiques/INFO_SURF(_[0-9]{5})?(_(02A|02B|[0-9]{3}))?,OPTIONAL
12dffd3d5e2b2afdb85136780189429d,b9360879175654424b5057171226954f,table,AC1_GENERATEUR_SUP_P,,Donnees_geographiques/AC1_GENERATEUR_SUP_P(_[a-zA-Z0-9]*)?,OPTIONAL
1385dded4fc44b67d3d4f89f5d284c80,b9360879175654424b5057171226954f,table,AC1_ASSIETTE_SUP_S,,Donnees_geographiques/AC1_ASSIETTE_SUP_S(_[a-zA-Z0-9]*)?,OPTIONAL
2d02618652f20c199f10791c2a88c741,b9360879175654424b5057171226954f,table,AC1_GENERATEUR_SUP_S,,Donnees_geographiques/AC1_GENERATEUR_SUP_S(_[a-zA-Z0-9]*)?,OPTIONAL
6c9bb3c9b38d903f387aa340da3dad80,b9360879175654424b5057171226954f,table,AC1_GENERATEUR_SUP_L,,Donnees_geographiques/AC1_GENERATEUR_SUP_L(_[a-zA-Z0-9]*)?,OPTIONAL
757a61d209fedb29e595530883d64826,bc612ef2bd2bb8b1e420fdc6d83de1d3,table,I4_GENERATEUR_SUP_L,,Donnees_geographiques/I4_GENERATEUR_SUP_L(_[a-zA-Z0-9]*)?,OPTIONAL
dea9eec0dbf2504956715db863a73ba3,bc612ef2bd2bb8b1e420fdc6d83de1d3,table,I4_ASSIETTE_SUP_L,,Donnees_geographiques/I4_ASSIETTE_SUP_L(_[a-zA-Z0-9]*)?,OPTIONAL
014c9165880f8508bb17dd98d8e7273a,c34c44a06f5aee7bdd7dad9a50e9f01e,table,HABILLAGE_TXT,,Donnees_geographiques/HABILLAGE_TXT(_[0-9]{5})?(_(02A|02B|[0-9]{3}))?,OPTIONAL
02cbfa8c03d045fcc90892eb68b13787,c34c44a06f5aee7bdd7dad9a50e9f01e,table,SECTEUR_CC,,Donnees_geographiques/SECTEUR_CC(_[0-9]{5})?(_(02A|02B|[0-9]{3}))?,ERROR
0bdbb44190031d6fc9bb42b8e98bce87,c34c44a06f5aee7bdd7dad9a50e9f01e,table,HABILLAGE_PCT,,Donnees_geographiques/HABILLAGE_PCT(_[0-9]{5})?(_(02A|02B|[0-9]{3}))?,OPTIONAL
0fab9c4258f2f48ccf4e79af54ab1eb0,c34c44a06f5aee7bdd7dad9a50e9f01e,table,DOC_URBA,,DOC_URBA(_(02A|02B|[0-9]{3}))?,ERROR
1c51db6018d84a5fe8f51a1e49cbab68,c34c44a06f5aee7bdd7dad9a50e9f01e,table,HABILLAGE_LIN,,Donnees_geographiques/HABILLAGE_LIN(_[0-9]{5})?(_(02A|02B|[0-9]{3}))?,OPTIONAL
24bf75cce20ad88a475637fd8cb11e98,c34c44a06f5aee7bdd7dad9a50e9f01e,directory,Donnees_geographiques,,Donnees_geographiques,ERROR
29e68a291cc14c683c144de7a3ec7de6,c34c44a06f5aee7bdd7dad9a50e9f01e,directory,Pieces_ecrites,,Pieces_ecrites,ERROR
3635102e3cfdd74f4d08ea6e055fdc80,c34c44a06f5aee7bdd7dad9a50e9f01e,pdf,ANNEXE,,Pieces_ecrites/4_Annexes/[^\\ ]*,OPTIONAL
3b0ff744d1a9100be251c0a2a8b0cd4d,c34c44a06f5aee7bdd7dad9a50e9f01e,table,HABILLAGE_SURF,,Donnees_geographiques/HABILLAGE_SURF(_[0-9]{5})?(_(02A|02B|[0-9]{3}))?,OPTIONAL
5bd6f486430f2e191afdc8d9f2e201c9,c34c44a06f5aee7bdd7dad9a50e9f01e,table,DOC_URBA_COM,,DOC_URBA_COM(_(02A|02B|[0-9]{3}))?,ERROR
61d134efc53e902b0c54c724636fd559,c34c44a06f5aee7bdd7dad9a50e9f01e,table,INFO_PCT,,Donnees_geographiques/INFO_PCT(_[0-9]{5})?(_(02A|02B|[0-9]{3}))?,OPTIONAL
7d2f6331ca5e987da5ff3a9624428dfc,c34c44a06f5aee7bdd7dad9a50e9f01e,directory,Procedures,,Pieces_ecrites/0_Procedure,OPTIONAL
7e2580e196748e7cb9dbeb50c1eab5cc,c34c44a06f5aee7bdd7dad9a50e9f01e,pdf,PROCEDURE,,Pieces_ecrites/0_Procedure/[^\\ ]*,OPTIONAL
8e267e5c8c66cb39f5ab830bb4d4839c,c34c44a06f5aee7bdd7dad9a50e9f01e,metadata,METADONNEES,,[^\\ ]*,ERROR
ab03f70bbd866b9c10c28d9563b29318,c34c44a06f5aee7bdd7dad9a50e9f01e,table,INFO_LIN,,Donnees_geographiques/INFO_LIN(_[0-9]{5})?(_(02A|02B|[0-9]{3}))?,OPTIONAL
b074cd97d3d69efe7938661a464807aa,c34c44a06f5aee7bdd7dad9a50e9f01e,table,INFO_SURF,,Donnees_geographiques/INFO_SURF(_[0-9]{5})?(_(02A|02B|[0-9]{3}))?,OPTIONAL
db3a6ef51bfa93b8cb4a26eb102df24f,c34c44a06f5aee7bdd7dad9a50e9f01e,directory,Rapport_de_presentation,,Pieces_ecrites/1_Rapport_de_presentation,OPTIONAL
dff7c1d7fde8ef63fdf892377be20248,c34c44a06f5aee7bdd7dad9a50e9f01e,directory,Annexes,,Pieces_ecrites/4_Annexes,OPTIONAL
e5e8e62a25a4164b783275f404b6d024,c34c44a06f5aee7bdd7dad9a50e9f01e,pdf,RAPPORT,,Pieces_ecrites/1_Rapport_de_presentation/(2A|2B|[0-9]{2})[0-9]{3}_rapport_[0-9]{8},OPTIONAL
58d11d3e65880c9a8c5171c736fdf005,c602dd86525de9692d5ee781d6b47148,table,AR1_ASSIETTE_SUP_S,,Donnees_geographiques/AR1_ASSIETTE_SUP_S(_[a-zA-Z0-9]*)?,OPTIONAL
f0053eb8a1bfe1a63daf3d260cbeb4f7,c602dd86525de9692d5ee781d6b47148,table,AR1_GENERATEUR_SUP_P,,Donnees_geographiques/AR1_GENERATEUR_SUP_P(_[a-zA-Z0-9]*)?,OPTIONAL
258222f1a2c2d84646173988bff2d09e,d9569f61207ade2a31827479f7e17758,table,EL12_ASSIETTE_SUP_S,,Donnees_geographiques/EL12_ASSIETTE_SUP_S(_[a-zA-Z0-9]*)?,OPTIONAL
a3e1f5158af462e5d577cf0634c128c4,d9569f61207ade2a31827479f7e17758,table,EL12_GENERATEUR_SUP_S,,Donnees_geographiques/EL12_GENERATEUR_SUP_S(_[a-zA-Z0-9]*)?,OPTIONAL
16b1cd0c0e817cd1163802af24b551e8,e6c3f11c13d0aaf5edad924cd59042e7,table,EL4_GENERATEUR_SUP_S,,Donnees_geographiques/EL4_GENERATEUR_SUP_S(_[a-zA-Z0-9]*)?,OPTIONAL
2eb7bcfc4e0e992ede27c148f1387fa3,e6c3f11c13d0aaf5edad924cd59042e7,table,EL4_ASSIETTE_SUP_S,,Donnees_geographiques/EL4_ASSIETTE_SUP_S(_[a-zA-Z0-9]*)?,OPTIONAL
c35ba0814e5b2cfbc441af7add493dcd,e8e42106aabae921b4cac3610b09c188,table,I9_ASSIETTE_SUP_S,,Donnees_geographiques/I9_ASSIETTE_SUP_S(_[a-zA-Z0-9]*)?,OPTIONAL
f8be48a85fcd01def91677a957bdcce4,e8e42106aabae921b4cac3610b09c188,table,I9_GENERATEUR_SUP_L,,Donnees_geographiques/I9_GENERATEUR_SUP_L(_[a-zA-Z0-9]*)?,OPTIONAL
1819155c22f8411afb3e635a98d29219,e9fb0f3e027ac23046b9435e94a5048f,table,T1_GENERATEUR_SUP_L,,Donnees_geographiques/T1_GENERATEUR_SUP_L(_[a-zA-Z0-9]*)?,OPTIONAL
4bec018e3d3a48f5ea5c0a58912d2949,e9fb0f3e027ac23046b9435e94a5048f,table,T1_ASSIETTE_SUP_S,,Donnees_geographiques/T1_ASSIETTE_SUP_S(_[a-zA-Z0-9]*)?,OPTIONAL
cea3aa7afff5055ac81b4fdfd4d217d3,e9fb0f3e027ac23046b9435e94a5048f,table,T1_GENERATEUR_SUP_S,,Donnees_geographiques/T1_GENERATEUR_SUP_S(_[a-zA-Z0-9]*)?,OPTIONAL
90c730c0c8e91310e097ccb5833fd995,ea8f95d8e6ef9d108204b44a82b22de0,table,AS1_GENERATEUR_SUP_P,,Donnees_geographiques/AS1_GENERATEUR_SUP_P(_[a-zA-Z0-9]*)?,OPTIONAL
d6ccfa2e16620f3951de6fbe8ebc0bfc,ea8f95d8e6ef9d108204b44a82b22de0,table,AS1_GENERATEUR_SUP_S,,Donnees_geographiques/AS1_GENERATEUR_SUP_S(_[a-zA-Z0-9]*)?,OPTIONAL
db97418290a2cf003e5fcbfa284c7cf0,ea8f95d8e6ef9d108204b44a82b22de0,table,AS1_ASSIETTE_SUP_S,,Donnees_geographiques/AS1_ASSIETTE_SUP_S(_[a-zA-Z0-9]*)?,OPTIONAL
2adf5d4585941974dce879ec9dbd5762,f7526b9ec3392244397b5278a68bd7e6,table,SERVITUDE_ACTE_SUP,,Donnees_geographiques/SERVITUDE_ACTE_SUP(_[a-zA-Z0-9]*)?,ERROR
76b0a43489e216854d5a7a8c9fc6715e,f7526b9ec3392244397b5278a68bd7e6,metadata,METADONNEES,,[^(\\|/)]*,ERROR
98b971148593040338aca056e1e4f96b,f7526b9ec3392244397b5278a68bd7e6,table,GESTIONNAIRE_SUP,,Donnees_geographiques/GESTIONNAIRE_SUP(_[a-zA-Z0-9]*)?,ERROR
b15effb3cbbfb4dfcfc8e57442308ad6,f7526b9ec3392244397b5278a68bd7e6,table,ACTE_SUP,,Donnees_geographiques/ACTE_SUP(_[a-zA-Z0-9]*)?,ERROR
b25c6be4f64aad28dc2b2f8c1efaf64a,f7526b9ec3392244397b5278a68bd7e6,directory,Actes,,Actes,OPTIONAL
c0da9aa02ed6f0881eaa40fb6ffbaeb7,f7526b9ec3392244397b5278a68bd7e6,table,SERVITUDE,,Donnees_geographiques/SERVITUDE(_[a-zA-Z0-9]*)?,ERROR
ccc983109a2ea6116602568f1d291a92,f7526b9ec3392244397b5278a68bd7e6,directory,Donnees_geographiques,,Donnees_geographiques,ERROR
d5ddd7409887f2dff12a42403931b658,f7526b9ec3392244397b5278a68bd7e6,pdf,ACTE,,Actes/[^(\\|/)]*,OPTIONAL
2c9e078772b03154b22ec7fa668e72cc,f90fbc1ffe6c5b81223dce3581ae9bc0,table,PM4_GENERATEUR_SUP_S,,Donnees_geographiques/PM4_GENERATEUR_SUP_S(_[a-zA-Z0-9]*)?,OPTIONAL
abf66cb39b7a021cd5452734e1dd23ac,f90fbc1ffe6c5b81223dce3581ae9bc0,table,PM4_ASSIETTE_SUP_S,,Donnees_geographiques/PM4_ASSIETTE_SUP_S(_[a-zA-Z0-9]*)?,OPTIONAL
